last_name,first_name,year,b_k_percent,b_bb_percent,batting_avg,slg_percent,on_base_percent,on_base_plus_slg,isolated_power,xba,xslg,woba,xobp,xiso
Mathis, Jeff,2019,35.7,6.1,0.158,0.224,0.209,0.433,0.066,0.163,0.225,0.19,0.214,0.062
Sierra, Magneuris,2018,25,3.8,0.19,0.211,0.218,0.429,0.02,0.199,0.229,0.192,0.233,0.03
Leon, Sandy,2019,24.6,6.8,0.192,0.297,0.246,0.543,0.105,0.176,0.253,0.24,0.242,0.078
Wilson, Bobby,2018,24.5,7.9,0.178,0.281,0.238,0.52,0.104,0.172,0.253,0.232,0.242,0.08
DeShields, Delino,2018,21.1,10.9,0.216,0.281,0.3,0.582,0.066,0.196,0.259,0.271,0.298,0.064
Tomlinson, Kelby,2018,23,5.9,0.207,0.264,0.263,0.527,0.057,0.219,0.265,0.239,0.278,0.046
Barnes, Austin,2018,28.2,13,0.205,0.29,0.328,0.618,0.085,0.193,0.267,0.28,0.322,0.074
Hamilton, Billy,2019,24.6,9.1,0.218,0.275,0.286,0.561,0.057,0.226,0.268,0.251,0.299,0.043
Butera, Drew,2018,21.4,8.2,0.19,0.301,0.264,0.564,0.11,0.179,0.276,0.252,0.257,0.097
Hamilton, Billy,2018,23.7,8.3,0.236,0.327,0.299,0.626,0.091,0.228,0.276,0.277,0.296,0.048
Holaday, Bryan,2018,17.5,6,0.205,0.258,0.259,0.517,0.053,0.203,0.278,0.228,0.26,0.075
Robles, Victor,2020,28,4.8,0.22,0.315,0.291,0.606,0.095,0.202,0.28,0.268,0.281,0.078
Wolters, Tony,2018,15.3,12,0.17,0.286,0.292,0.577,0.115,0.204,0.283,0.261,0.324,0.079
Hernandez, Marco,2019,27.1,1.9,0.25,0.338,0.277,0.615,0.088,0.217,0.284,0.266,0.249,0.066
Rivera, Yadiel,2018,31.9,11.9,0.173,0.216,0.269,0.485,0.043,0.195,0.284,0.219,0.288,0.09
Slater, Austin,2018,30.7,8.9,0.251,0.307,0.333,0.64,0.055,0.215,0.284,0.287,0.303,0.069
Severino, Pedro,2018,22.1,8.5,0.168,0.247,0.254,0.501,0.079,0.199,0.285,0.222,0.282,0.086
Lopez, Nicky,2019,12.7,4.5,0.24,0.325,0.274,0.598,0.084,0.226,0.286,0.26,0.264,0.06
Villar, Jonathan,2020,26.1,9.2,0.232,0.292,0.3,0.591,0.059,0.216,0.287,0.262,0.288,0.071
Reyes, Pablo,2019,22.9,8.3,0.203,0.322,0.274,0.596,0.119,0.191,0.287,0.26,0.264,0.097
Arcia, Orlando,2018,23.8,4.1,0.236,0.307,0.268,0.575,0.072,0.213,0.288,0.254,0.248,0.076
Leon, Sandy,2018,26,5.2,0.177,0.279,0.229,0.508,0.102,0.188,0.289,0.227,0.242,0.101
Broxton, Keon,2019,45.6,8.8,0.167,0.275,0.241,0.516,0.108,0.164,0.291,0.229,0.243,0.127
Mathis, Jeff,2018,30.3,9.2,0.2,0.272,0.271,0.542,0.072,0.187,0.292,0.243,0.263,0.106
Kemp, Tony,2019,16.8,8.2,0.212,0.38,0.29,0.67,0.167,0.204,0.294,0.285,0.291,0.091
Sucre, Jesus,2018,14.6,4.5,0.209,0.253,0.242,0.495,0.044,0.223,0.294,0.219,0.262,0.071
Mullins, Cedric,2020,24.2,5.2,0.271,0.407,0.307,0.714,0.136,0.209,0.296,0.308,0.258,0.086
Jankowski, Travis,2018,18.9,9.6,0.259,0.346,0.331,0.677,0.086,0.244,0.297,0.303,0.322,0.054
Reynolds, Mark,2019,35.2,13.6,0.17,0.311,0.29,0.601,0.141,0.167,0.298,0.268,0.293,0.131
Owings, Chris,2019,39.8,7.1,0.139,0.233,0.209,0.443,0.094,0.182,0.298,0.198,0.248,0.116
Robertson, Daniel,2019,24.9,10.1,0.213,0.295,0.312,0.607,0.082,0.214,0.299,0.275,0.314,0.085
Davis, Rajai,2018,22.2,5.1,0.224,0.281,0.273,0.554,0.056,0.223,0.299,0.251,0.278,0.076
Jackson, Austin,2018,35.5,6.9,0.245,0.326,0.299,0.624,0.081,0.21,0.299,0.275,0.267,0.089
Lagares, Juan,2019,26.3,7.7,0.213,0.326,0.277,0.603,0.112,0.209,0.3,0.257,0.278,0.09
Goins, Ryan,2019,27,10.4,0.25,0.347,0.331,0.679,0.097,0.206,0.3,0.298,0.295,0.095
Smith, Mallex,2019,24.9,7.4,0.227,0.335,0.299,0.634,0.108,0.215,0.3,0.278,0.29,0.085
Dyson, Jarrod,2019,19,10.4,0.23,0.32,0.312,0.632,0.09,0.224,0.301,0.281,0.311,0.077
Descalso, Daniel,2019,29.4,11.9,0.173,0.25,0.268,0.518,0.077,0.193,0.303,0.238,0.29,0.11
Reyes, Jose,2018,15.5,8.8,0.189,0.32,0.259,0.579,0.132,0.221,0.304,0.255,0.29,0.083
Lopez, Nicky,2020,21.4,9.4,0.201,0.266,0.281,0.548,0.065,0.236,0.305,0.25,0.317,0.069
Barnes, Austin,2019,23.1,9.5,0.203,0.34,0.293,0.633,0.137,0.194,0.305,0.272,0.286,0.112
Brinson, Lewis,2019,29.8,5.2,0.173,0.221,0.234,0.455,0.049,0.206,0.305,0.205,0.267,0.099
Engel, Adam,2018,27.9,3.9,0.235,0.336,0.274,0.61,0.1,0.211,0.305,0.27,0.257,0.094
Gonzalez, Erik,2019,23.7,5.8,0.254,0.317,0.295,0.612,0.063,0.229,0.306,0.262,0.28,0.077
Freeman, Mike,2019,28.6,10.3,0.277,0.39,0.352,0.742,0.113,0.218,0.307,0.327,0.315,0.089
White, Tyler,2019,28,12.9,0.208,0.304,0.308,0.612,0.096,0.204,0.307,0.274,0.308,0.103
Locastro, Tim,2019,17.6,5.6,0.25,0.34,0.356,0.696,0.09,0.234,0.308,0.314,0.346,0.075
Kiner-Falefa, Isiah,2019,22.1,6.3,0.238,0.322,0.297,0.619,0.084,0.227,0.308,0.272,0.289,0.081
Kinsler, Ian,2019,19.2,6.8,0.217,0.368,0.278,0.646,0.151,0.208,0.309,0.277,0.27,0.102
Rodriguez, Sean,2018,34.7,12.7,0.167,0.313,0.277,0.591,0.147,0.17,0.309,0.265,0.281,0.139
Forsythe, Logan,2018,20,9.9,0.232,0.291,0.313,0.604,0.059,0.224,0.31,0.274,0.306,0.085
Cuevas, Noel,2018,15.7,3.9,0.233,0.315,0.268,0.583,0.082,0.23,0.31,0.254,0.266,0.08
Wong, Kolten,2020,14.4,9.6,0.265,0.326,0.346,0.672,0.061,0.241,0.311,0.3,0.329,0.07
Garcia, Greg,2019,22.3,14.2,0.248,0.354,0.363,0.717,0.106,0.223,0.311,0.319,0.346,0.088
Starling, Bubba,2019,28.4,4.6,0.215,0.317,0.254,0.571,0.102,0.216,0.312,0.247,0.257,0.096
Munoz, Yairo,2019,20.4,3.9,0.267,0.355,0.298,0.653,0.087,0.221,0.312,0.281,0.255,0.092
Fowler, Dexter,2018,22.5,11.4,0.18,0.298,0.278,0.576,0.118,0.212,0.312,0.261,0.307,0.1
Sisco, Chance,2018,35.9,7.1,0.181,0.269,0.288,0.557,0.088,0.177,0.312,0.259,0.285,0.135
Strange-Gordon, Dee,2019,14.5,4.3,0.275,0.359,0.302,0.66,0.084,0.251,0.313,0.282,0.286,0.062
Martin, Richie,2019,26.9,4.5,0.208,0.322,0.256,0.577,0.113,0.219,0.313,0.252,0.271,0.094
Perez, Roberto,2018,33.3,10,0.168,0.263,0.248,0.51,0.095,0.191,0.313,0.236,0.28,0.123
Duggar, Steven,2018,28.9,6.6,0.255,0.39,0.303,0.693,0.135,0.21,0.315,0.298,0.261,0.106
Kemp, Tony,2018,14.9,10.8,0.263,0.392,0.346,0.738,0.129,0.227,0.315,0.327,0.321,0.088
Blanco, Gregor,2018,28.6,5.9,0.217,0.317,0.261,0.579,0.101,0.229,0.316,0.254,0.276,0.087
Dyson, Jarrod,2018,14.3,11.4,0.189,0.257,0.278,0.536,0.068,0.236,0.316,0.245,0.328,0.081
Hanson, Alen,2018,22.9,2.9,0.252,0.425,0.271,0.696,0.173,0.216,0.318,0.295,0.241,0.102
Rondon, Jose,2019,24.2,7,0.196,0.28,0.261,0.541,0.084,0.219,0.319,0.241,0.285,0.1
DeShields, Delino,2019,24.5,9.3,0.249,0.347,0.319,0.666,0.098,0.219,0.32,0.295,0.301,0.102
Wilkerson, Stevie,2019,29.9,6.1,0.225,0.383,0.285,0.668,0.158,0.202,0.32,0.286,0.266,0.118
Tilson, Charlie,2019,24.2,6.4,0.229,0.285,0.293,0.578,0.056,0.24,0.32,0.256,0.303,0.08
Field, Johnny,2018,30.9,3,0.222,0.403,0.253,0.656,0.181,0.189,0.32,0.281,0.226,0.131
Alberto, Hanser,2020,13,2.2,0.283,0.393,0.303,0.696,0.11,0.247,0.322,0.297,0.272,0.076
Nunez, Eduardo,2019,15.5,2.3,0.228,0.305,0.241,0.547,0.078,0.25,0.322,0.233,0.265,0.072
Joseph, Caleb,2018,24.3,3.6,0.219,0.321,0.254,0.574,0.102,0.228,0.322,0.251,0.264,0.095
Kiermaier, Kevin,2018,24.8,6.8,0.217,0.37,0.281,0.651,0.154,0.219,0.322,0.282,0.289,0.103
Kiner-Falefa, Isiah,2018,15.7,7.1,0.261,0.357,0.321,0.677,0.096,0.26,0.322,0.301,0.324,0.062
Inciarte, Ender,2019,17.8,11.3,0.246,0.397,0.343,0.74,0.151,0.234,0.323,0.318,0.335,0.09
Sanchez, Yolmer,2019,21.1,7.9,0.252,0.321,0.314,0.634,0.069,0.234,0.323,0.281,0.303,0.089
Rickard, Joey,2019,26.5,9.5,0.226,0.357,0.312,0.669,0.131,0.215,0.323,0.29,0.302,0.109
Zobrist, Ben,2019,13.6,13.1,0.26,0.313,0.358,0.671,0.053,0.247,0.324,0.303,0.348,0.076
Diaz, Isan,2019,29.4,9.5,0.173,0.307,0.259,0.566,0.134,0.181,0.324,0.248,0.267,0.143
Akiyama, Shogo,2020,18.6,13.7,0.245,0.297,0.355,0.652,0.052,0.245,0.325,0.299,0.357,0.081
Asuaje, Carlos,2018,21.1,11,0.196,0.28,0.284,0.565,0.085,0.221,0.325,0.255,0.314,0.104
Jay, Jon,2019,16.5,4.4,0.267,0.315,0.302,0.617,0.048,0.252,0.326,0.275,0.297,0.074
Wolters, Tony,2019,16.5,8.8,0.262,0.329,0.336,0.664,0.067,0.252,0.326,0.29,0.331,0.074
Maldonado, Martin,2018,24.3,4,0.225,0.351,0.275,0.626,0.126,0.211,0.326,0.275,0.265,0.115
Flaherty, Ryan,2018,22.5,9.9,0.217,0.292,0.297,0.589,0.075,0.228,0.326,0.258,0.31,0.098
Almora Jr., Albert,2018,17.3,5,0.286,0.378,0.322,0.7,0.092,0.25,0.326,0.305,0.294,0.076
Mullins, Cedric,2018,19.4,8.9,0.235,0.359,0.309,0.668,0.124,0.218,0.326,0.298,0.3,0.108
Gonzalez, Carlos,2019,31.3,10.8,0.2,0.283,0.289,0.572,0.083,0.204,0.328,0.254,0.295,0.124
LaMarre, Ryan,2018,29.4,5.6,0.279,0.382,0.322,0.704,0.103,0.232,0.328,0.306,0.285,0.096
Gentry, Craig,2018,18.3,6.5,0.269,0.346,0.32,0.666,0.077,0.253,0.329,0.296,0.308,0.076
Tapia, Raimel,2020,18.4,6.8,0.321,0.402,0.364,0.766,0.082,0.252,0.33,0.333,0.312,0.078
Simmons, Andrelton,2019,8.7,5.7,0.264,0.364,0.309,0.673,0.101,0.244,0.331,0.29,0.292,0.087
Difo, Wilmer,2018,18,8.6,0.23,0.35,0.296,0.647,0.12,0.238,0.331,0.281,0.307,0.093
Peterson, Jace,2018,23.6,12.6,0.2,0.324,0.309,0.633,0.124,0.214,0.331,0.286,0.323,0.117
Barnhart, Tucker,2019,22.8,12.1,0.231,0.38,0.327,0.707,0.149,0.222,0.332,0.301,0.323,0.11
Swihart, Blake,2018,27.5,7.2,0.229,0.328,0.285,0.613,0.099,0.216,0.332,0.271,0.273,0.116
Utley, Chase,2018,18.2,9.1,0.213,0.305,0.305,0.61,0.091,0.225,0.333,0.272,0.323,0.108
Martin, Russell,2018,23.3,15.9,0.194,0.325,0.338,0.663,0.131,0.204,0.333,0.305,0.347,0.129
McCann, Brian,2018,18.5,8.8,0.212,0.339,0.301,0.64,0.127,0.221,0.333,0.286,0.31,0.112
Garcia, Greg,2018,17.8,9.6,0.221,0.304,0.308,0.612,0.083,0.228,0.333,0.276,0.323,0.105
McMahon, Ryan,2018,31.7,8.9,0.232,0.376,0.307,0.683,0.144,0.214,0.333,0.296,0.294,0.12
Marisnick, Jake,2019,29.9,5.3,0.233,0.411,0.286,0.697,0.178,0.201,0.334,0.297,0.261,0.133
Adduci, Jim,2018,24.3,3.2,0.267,0.386,0.286,0.673,0.119,0.234,0.334,0.291,0.258,0.099
Newman, Kevin,2020,12.2,7,0.224,0.276,0.279,0.555,0.051,0.254,0.336,0.247,0.311,0.082
Escobar, Alcides,2018,13.9,5.5,0.231,0.313,0.275,0.588,0.082,0.242,0.336,0.261,0.292,0.094
Rodriguez, Ronny,2018,20.4,4.9,0.22,0.335,0.252,0.588,0.115,0.222,0.336,0.257,0.261,0.114
Strange-Gordon, Dee,2018,13.6,1.5,0.268,0.349,0.284,0.633,0.081,0.274,0.336,0.277,0.297,0.062
Greiner, Grayson,2019,31.3,5.8,0.202,0.308,0.25,0.558,0.106,0.204,0.337,0.242,0.254,0.133
Russell, Addison,2018,21.3,8.6,0.25,0.34,0.316,0.657,0.09,0.242,0.337,0.291,0.311,0.095
Moncada, Yoan,2020,31.2,12.1,0.225,0.385,0.32,0.705,0.16,0.208,0.338,0.305,0.307,0.13
Shaw, Travis,2019,33,13.3,0.157,0.27,0.281,0.551,0.113,0.184,0.338,0.248,0.306,0.154
Martin, Leonys,2019,29.5,8,0.199,0.343,0.273,0.616,0.144,0.187,0.338,0.269,0.266,0.152
Goodrum, Niko,2020,38.5,10.1,0.184,0.335,0.263,0.598,0.152,0.185,0.339,0.257,0.265,0.154
Margot, Manuel,2019,20,8.6,0.234,0.387,0.302,0.689,0.153,0.227,0.339,0.296,0.299,0.111
Hampson, Garrett,2019,26.9,7.3,0.247,0.385,0.3,0.684,0.137,0.227,0.339,0.292,0.286,0.112
Iglesias, Jose,2018,10.1,4.1,0.269,0.389,0.308,0.697,0.12,0.252,0.339,0.304,0.295,0.087
Kiner-Falefa, Isiah,2020,14,6.1,0.28,0.37,0.329,0.699,0.09,0.26,0.34,0.303,0.312,0.08
Diaz, Elias,2019,16.9,6.9,0.241,0.307,0.295,0.602,0.066,0.247,0.34,0.265,0.305,0.093
Long Jr., Shed,2019,23.8,9.5,0.263,0.454,0.333,0.787,0.191,0.214,0.34,0.333,0.289,0.126
Moore, Dylan,2019,33,8.9,0.206,0.389,0.301,0.69,0.182,0.193,0.34,0.299,0.291,0.148
Pence, Hunter,2018,23.8,4.4,0.226,0.332,0.258,0.59,0.106,0.227,0.34,0.255,0.262,0.113
Meadows, Austin,2020,32.9,11.2,0.205,0.371,0.296,0.667,0.167,0.182,0.341,0.287,0.278,0.159
Prado, Martin,2019,15.8,4.6,0.233,0.294,0.265,0.559,0.061,0.255,0.341,0.243,0.288,0.086
Duffy, Matt,2019,17.2,11.2,0.252,0.327,0.343,0.67,0.075,0.261,0.341,0.299,0.355,0.08
Engel, Adam,2019,31.5,5.6,0.242,0.383,0.302,0.686,0.141,0.22,0.341,0.296,0.285,0.121
Rickard, Joey,2018,23.9,6.5,0.244,0.413,0.3,0.713,0.169,0.215,0.341,0.309,0.274,0.125
Taylor, Michael A.,2018,30.1,7.5,0.227,0.357,0.286,0.643,0.13,0.214,0.342,0.28,0.277,0.128
Jay, Jon,2018,16.2,5.6,0.268,0.347,0.328,0.675,0.08,0.256,0.343,0.301,0.321,0.087
Reyes, Victor,2018,21,2.3,0.222,0.288,0.237,0.525,0.066,0.251,0.343,0.229,0.269,0.092
Wendle, Joey,2019,17.9,5.3,0.231,0.34,0.293,0.633,0.109,0.258,0.344,0.275,0.319,0.086
Haseley, Adam,2019,24.8,5.8,0.266,0.396,0.322,0.719,0.131,0.229,0.344,0.309,0.289,0.115
Caratini, Victor,2018,21,6,0.232,0.304,0.29,0.594,0.072,0.235,0.344,0.268,0.297,0.109
Perez, Hernan,2019,26.8,4.5,0.228,0.379,0.26,0.639,0.151,0.225,0.345,0.271,0.261,0.12
Gardner, Brett,2018,17.6,10.7,0.236,0.368,0.32,0.688,0.132,0.233,0.345,0.305,0.321,0.112
Culberson, Charlie,2018,26.4,6.5,0.27,0.466,0.326,0.792,0.196,0.22,0.345,0.335,0.281,0.125
Maile, Luke,2018,29,10.8,0.248,0.366,0.333,0.7,0.119,0.218,0.345,0.31,0.31,0.127
Herrera, Rosell,2018,18.9,6.3,0.234,0.317,0.285,0.601,0.083,0.252,0.345,0.266,0.303,0.093
Crawford, J.P.,2019,21,10.9,0.226,0.371,0.311,0.682,0.145,0.243,0.346,0.296,0.33,0.104
Guyer, Brandon,2018,21.7,6.8,0.206,0.371,0.299,0.67,0.165,0.219,0.346,0.298,0.314,0.127
Lopes, Tim,2020,22.5,4,0.238,0.364,0.278,0.642,0.126,0.234,0.347,0.275,0.275,0.112
Biggio, Cavan,2020,23,15.5,0.25,0.432,0.374,0.805,0.182,0.215,0.347,0.35,0.346,0.131
Allen, Greg,2019,20.7,4.3,0.229,0.346,0.285,0.631,0.117,0.235,0.347,0.274,0.297,0.113
Inciarte, Ender,2018,13,7.4,0.265,0.38,0.323,0.703,0.116,0.257,0.347,0.309,0.321,0.09
Semien, Marcus,2020,21.2,10.6,0.223,0.374,0.305,0.679,0.152,0.204,0.348,0.294,0.289,0.143
Gordon, Alex,2020,20.1,9.8,0.209,0.307,0.299,0.606,0.098,0.227,0.348,0.271,0.316,0.121
Mondesi, Adalberto,2020,30,4.7,0.256,0.416,0.292,0.707,0.16,0.208,0.348,0.3,0.249,0.14
Martin, Russell,2019,24.1,12,0.22,0.33,0.337,0.667,0.11,0.221,0.348,0.295,0.34,0.127
Prado, Martin,2018,16.7,5.3,0.244,0.305,0.287,0.592,0.061,0.26,0.348,0.263,0.303,0.088
Vazquez, Christian,2018,15.2,4.8,0.207,0.283,0.257,0.539,0.076,0.25,0.349,0.24,0.298,0.099
Smith, Mallex,2018,18,8.6,0.296,0.406,0.362,0.768,0.11,0.262,0.349,0.34,0.338,0.087
Fletcher, David,2018,11.1,4.9,0.275,0.363,0.313,0.675,0.088,0.279,0.349,0.297,0.323,0.07
Fletcher, David,2020,10.9,8.7,0.319,0.425,0.374,0.799,0.106,0.292,0.35,0.345,0.351,0.058
Galvis, Freddy,2018,22.4,6.9,0.248,0.38,0.299,0.679,0.133,0.221,0.35,0.294,0.279,0.129
Gamel, Ben,2019,29.2,11.2,0.248,0.373,0.337,0.71,0.125,0.232,0.351,0.308,0.326,0.119
Heredia, Guillermo,2019,26,7.8,0.225,0.363,0.303,0.666,0.137,0.244,0.351,0.291,0.325,0.107
Tucker, Preston,2018,23.4,7.1,0.229,0.404,0.299,0.703,0.175,0.228,0.351,0.306,0.302,0.122
Altuve, Jose,2020,18.6,8.1,0.219,0.344,0.286,0.629,0.125,0.23,0.352,0.274,0.297,0.122
Gomez, Carlos,2018,25.2,6.1,0.208,0.336,0.297,0.633,0.128,0.216,0.352,0.285,0.306,0.137
Valbuena, Luis,2018,34.7,6.6,0.199,0.335,0.253,0.588,0.135,0.187,0.352,0.253,0.246,0.165
Sanchez, Yolmer,2018,20.8,7.4,0.242,0.372,0.305,0.677,0.13,0.24,0.352,0.297,0.305,0.113
Candelario, Jeimer,2018,25.8,10.7,0.224,0.393,0.317,0.71,0.169,0.209,0.352,0.311,0.304,0.143
Rojas, Miguel,2018,13.1,4.5,0.252,0.346,0.295,0.642,0.094,0.268,0.354,0.282,0.312,0.086
Pirela, Jose,2018,18.8,6.3,0.249,0.345,0.3,0.645,0.096,0.26,0.354,0.283,0.313,0.094
Duggar, Steven,2019,27.8,5.7,0.234,0.341,0.278,0.619,0.107,0.233,0.355,0.265,0.28,0.123
Grossman, Robbie,2018,17.8,12.9,0.273,0.384,0.366,0.749,0.111,0.25,0.355,0.333,0.351,0.105
Machado, Dixon,2018,17.6,6,0.206,0.29,0.262,0.552,0.084,0.244,0.355,0.244,0.298,0.111
Schoop, Jonathan,2018,23,3.8,0.233,0.416,0.265,0.682,0.184,0.229,0.355,0.29,0.264,0.126
Nimmo, Brandon,2019,28,18.1,0.221,0.407,0.374,0.781,0.186,0.221,0.356,0.34,0.384,0.136
Delmonico, Nicky,2018,25.2,8.5,0.215,0.373,0.296,0.669,0.158,0.22,0.356,0.292,0.301,0.136
Barnhart, Tucker,2018,18.4,10.3,0.248,0.372,0.326,0.697,0.124,0.24,0.356,0.307,0.323,0.116
Hedges, Austin,2019,31.4,7.8,0.176,0.311,0.251,0.562,0.135,0.199,0.357,0.242,0.274,0.158
Marte, Jefry,2018,19.6,6.2,0.216,0.371,0.273,0.644,0.155,0.237,0.357,0.281,0.292,0.119
Sano, Miguel,2018,38.5,10.4,0.199,0.398,0.281,0.679,0.199,0.176,0.357,0.295,0.263,0.181
Plawecki, Kevin,2018,23.5,10.1,0.21,0.37,0.314,0.684,0.16,0.221,0.357,0.302,0.326,0.135
Allen, Greg,2018,19.9,4.8,0.257,0.343,0.306,0.649,0.087,0.264,0.357,0.288,0.319,0.093
Hicks, John,2019,32.7,3.9,0.21,0.379,0.24,0.62,0.169,0.204,0.358,0.259,0.235,0.154
Bauers, Jake,2019,27.2,10.6,0.226,0.371,0.312,0.683,0.145,0.226,0.358,0.296,0.314,0.132
Andrus, Elvis,2018,15.4,6.5,0.256,0.367,0.308,0.675,0.111,0.243,0.358,0.296,0.297,0.115
Dozier, Brian,2018,20.4,11.1,0.215,0.391,0.305,0.696,0.175,0.21,0.358,0.304,0.304,0.148
Ruiz, Rio,2020,22.5,8.3,0.222,0.427,0.284,0.711,0.205,0.216,0.359,0.298,0.281,0.144
Garcia, Leury,2019,22.5,3.4,0.279,0.378,0.304,0.682,0.099,0.247,0.359,0.295,0.281,0.112
Cozart, Zack,2018,16.6,7.5,0.219,0.362,0.296,0.658,0.143,0.237,0.359,0.289,0.314,0.122
Mahtook, Mikie,2018,26.4,8.4,0.202,0.359,0.276,0.635,0.157,0.22,0.359,0.276,0.294,0.139
Wong, Kolten,2018,14.7,7.6,0.249,0.388,0.327,0.715,0.139,0.241,0.359,0.315,0.329,0.118
Hechavarria, Adeiny,2018,18.1,5,0.247,0.345,0.277,0.622,0.098,0.254,0.359,0.268,0.29,0.104
Hedges, Austin,2018,27.6,6.4,0.231,0.429,0.282,0.711,0.198,0.21,0.359,0.302,0.263,0.149
Heredia, Guillermo,2018,15.4,9.5,0.236,0.342,0.312,0.654,0.106,0.254,0.359,0.295,0.335,0.105
Crawford, J.P.,2020,16.8,9.9,0.255,0.338,0.336,0.674,0.083,0.256,0.36,0.298,0.342,0.103
Vazquez, Christian,2020,22.8,8.5,0.283,0.457,0.344,0.801,0.173,0.224,0.36,0.34,0.29,0.136
Reddick, Josh,2020,20,9.5,0.245,0.378,0.314,0.692,0.133,0.247,0.36,0.299,0.32,0.112
Demeritte, Travis,2019,33.9,7.5,0.225,0.343,0.285,0.628,0.118,0.227,0.36,0.272,0.289,0.133
Lucroy, Jonathan,2018,14.3,6.4,0.241,0.325,0.291,0.616,0.084,0.253,0.36,0.271,0.305,0.108
Galvis, Freddy,2020,18.9,8.2,0.22,0.404,0.308,0.712,0.184,0.221,0.361,0.307,0.31,0.14
Urias, Luis,2019,22.5,10,0.223,0.326,0.329,0.655,0.102,0.23,0.361,0.294,0.336,0.131
Hernandez, Cesar,2018,21.9,13.4,0.253,0.362,0.356,0.718,0.109,0.244,0.361,0.32,0.352,0.117
Villar, Jonathan,2018,26.8,8,0.26,0.384,0.324,0.708,0.124,0.227,0.361,0.312,0.297,0.134
Gamel, Ben,2018,20.8,10.6,0.272,0.37,0.358,0.728,0.097,0.261,0.361,0.323,0.349,0.101
Maldonado, Martin,2020,30.9,16.4,0.215,0.378,0.345,0.723,0.163,0.206,0.362,0.321,0.342,0.156
Ruiz, Rio,2019,21.3,9.7,0.232,0.376,0.305,0.681,0.143,0.234,0.362,0.294,0.309,0.129
Herrera, Odubel,2018,20.4,6.4,0.255,0.42,0.31,0.73,0.165,0.233,0.362,0.315,0.292,0.128
Knapp, Andrew,2018,34.9,11.2,0.198,0.316,0.293,0.609,0.118,0.21,0.362,0.273,0.305,0.153
Kingery, Scott,2018,26,5,0.226,0.338,0.267,0.605,0.113,0.23,0.362,0.263,0.274,0.132
Davis, Chris,2018,36.8,7.9,0.168,0.296,0.243,0.539,0.128,0.191,0.363,0.239,0.266,0.172
Duffy, Matt,2018,16.6,8.4,0.294,0.366,0.361,0.727,0.072,0.275,0.363,0.323,0.345,0.088
Bauers, Jake,2018,26.8,13.9,0.201,0.384,0.314,0.698,0.183,0.213,0.363,0.308,0.328,0.15
Cervelli, Francisco,2019,25.6,8.1,0.213,0.348,0.3,0.648,0.135,0.211,0.364,0.285,0.3,0.153
Cordell, Ryan,2019,27.9,7.7,0.221,0.355,0.283,0.638,0.134,0.213,0.364,0.279,0.284,0.151
Nunez, Eduardo,2018,13.7,3.2,0.265,0.388,0.289,0.676,0.123,0.268,0.364,0.292,0.297,0.095
Contreras, Willson,2018,22.2,9.7,0.249,0.39,0.338,0.729,0.141,0.224,0.364,0.321,0.319,0.141
Wong, Kolten,2019,15.1,8.6,0.285,0.423,0.357,0.78,0.138,0.25,0.365,0.334,0.334,0.115
Spangenberg, Cory,2018,32.8,7.6,0.235,0.362,0.295,0.657,0.128,0.225,0.365,0.291,0.291,0.14
Swanson, Dansby,2018,22.9,8.3,0.238,0.395,0.3,0.696,0.157,0.231,0.365,0.293,0.299,0.134
Adames, Willy,2018,29.4,9.6,0.278,0.406,0.347,0.753,0.128,0.222,0.365,0.328,0.3,0.143
Gardner, Brett,2020,22.2,16.5,0.223,0.392,0.354,0.747,0.169,0.224,0.366,0.327,0.355,0.143
Garcia, Leury,2018,25.1,3.3,0.271,0.376,0.298,0.674,0.105,0.267,0.366,0.295,0.299,0.099
Edman, Tommy,2020,21.1,7,0.25,0.368,0.317,0.685,0.118,0.265,0.367,0.297,0.333,0.102
Russell, Addison,2019,24.1,8.3,0.237,0.391,0.307,0.698,0.153,0.23,0.367,0.297,0.305,0.137
Plawecki, Kevin,2019,17.8,6.9,0.222,0.342,0.287,0.629,0.12,0.225,0.367,0.273,0.293,0.143
Reddick, Josh,2018,15.8,10.1,0.242,0.4,0.316,0.716,0.157,0.239,0.367,0.312,0.316,0.128
Romine, Austin,2018,25.3,6.4,0.244,0.417,0.294,0.712,0.174,0.233,0.367,0.307,0.287,0.135
McCann, James,2018,25.4,5.7,0.22,0.314,0.267,0.581,0.094,0.235,0.367,0.256,0.284,0.132
Marisnick, Jake,2018,35.7,6.4,0.211,0.399,0.272,0.671,0.188,0.199,0.367,0.29,0.265,0.168
Murphy, John Ryan,2018,31.8,4.9,0.202,0.375,0.242,0.617,0.173,0.191,0.367,0.265,0.236,0.177
Guzman, Ronald,2018,28.3,7.7,0.235,0.416,0.306,0.722,0.181,0.225,0.367,0.312,0.297,0.141
Anderson, Tim,2018,24.6,5,0.24,0.406,0.281,0.686,0.166,0.228,0.367,0.294,0.271,0.139
Camargo, Johan,2019,17.3,6,0.233,0.384,0.278,0.662,0.151,0.253,0.368,0.279,0.298,0.116
Gurriel, Yuli,2018,11,4,0.291,0.428,0.323,0.751,0.138,0.263,0.368,0.323,0.3,0.105
Adrianza, Ehire,2018,22.4,6.6,0.251,0.379,0.298,0.677,0.128,0.241,0.368,0.294,0.294,0.127
La Stella, Tommy,2018,14.1,8.9,0.266,0.331,0.333,0.665,0.065,0.267,0.368,0.3,0.341,0.101
Encarnacion, Edwin,2020,29.8,8.8,0.157,0.377,0.249,0.626,0.22,0.164,0.369,0.267,0.26,0.206
Arcia, Orlando,2019,20,7.9,0.223,0.35,0.282,0.632,0.128,0.23,0.369,0.269,0.293,0.139
Nunez, Renato,2018,23.8,7.3,0.258,0.419,0.322,0.741,0.161,0.224,0.369,0.322,0.294,0.144
Lucroy, Jonathan,2019,15.5,8.2,0.232,0.355,0.305,0.66,0.123,0.241,0.37,0.286,0.317,0.129
Munoz, Yairo,2018,21.6,9.1,0.276,0.413,0.35,0.763,0.137,0.241,0.37,0.326,0.32,0.129
Holt, Brock,2019,19.3,9.5,0.297,0.402,0.369,0.771,0.104,0.263,0.371,0.333,0.344,0.108
Ervin, Phillip,2019,24.2,6.9,0.271,0.466,0.331,0.797,0.195,0.235,0.371,0.334,0.302,0.136
Jones, JaCoby,2018,30.4,5.1,0.207,0.364,0.266,0.629,0.156,0.236,0.371,0.274,0.295,0.135
Peraza, Jose,2019,14.4,4.2,0.239,0.346,0.285,0.631,0.106,0.271,0.372,0.272,0.318,0.101
Harrison, Josh,2018,18.2,4.8,0.25,0.363,0.291,0.655,0.113,0.233,0.372,0.285,0.28,0.139
Bader, Harrison,2018,29.3,7.3,0.264,0.422,0.333,0.755,0.158,0.234,0.372,0.327,0.308,0.138
Verdugo, Alex,2020,20.4,7.7,0.308,0.478,0.367,0.844,0.169,0.239,0.373,0.356,0.306,0.134
Frazier, Todd,2020,24.4,6.4,0.236,0.382,0.302,0.684,0.146,0.227,0.373,0.295,0.296,0.147
McKinney, Billy,2019,26.4,6.9,0.215,0.422,0.272,0.694,0.207,0.222,0.373,0.292,0.282,0.151
Grisham, Trent,2019,26.2,10.9,0.231,0.41,0.328,0.738,0.179,0.229,0.373,0.314,0.327,0.144
Garcia, Avisail,2020,23.7,9.7,0.238,0.326,0.333,0.659,0.088,0.243,0.374,0.291,0.338,0.13
Nola, Austin,2019,23.6,8.6,0.269,0.454,0.341,0.795,0.185,0.238,0.374,0.337,0.316,0.136
Candelario, Jeimer,2019,25.6,11.1,0.203,0.337,0.306,0.643,0.134,0.233,0.374,0.283,0.332,0.141
Polanco, Jorge,2018,18.6,7.5,0.288,0.427,0.342,0.769,0.139,0.254,0.374,0.336,0.318,0.119
Martini, Nick,2018,20.1,11.7,0.296,0.414,0.397,0.811,0.118,0.265,0.374,0.357,0.372,0.109
Peralta, David,2020,20.6,6,0.3,0.433,0.339,0.773,0.133,0.263,0.375,0.328,0.306,0.113
Gardner, Brett,2019,19.6,9.5,0.251,0.503,0.325,0.829,0.253,0.241,0.375,0.344,0.32,0.134
Vargas, Ildemaro,2019,11.4,4.3,0.269,0.413,0.299,0.712,0.144,0.264,0.375,0.3,0.296,0.111
Mesoraco, Devin,2018,19,9.1,0.221,0.398,0.303,0.7,0.176,0.213,0.375,0.302,0.296,0.162
Narvaez, Omar,2018,20.2,11.8,0.275,0.429,0.363,0.792,0.154,0.256,0.375,0.348,0.349,0.119
Rosario, Amed,2018,20.1,4.9,0.256,0.381,0.294,0.675,0.125,0.26,0.375,0.29,0.3,0.115
O'Neill, Tyler,2020,27.4,9.6,0.173,0.36,0.261,0.621,0.187,0.196,0.376,0.267,0.282,0.18
Kiermaier, Kevin,2020,26.4,12.6,0.217,0.362,0.321,0.683,0.145,0.249,0.376,0.297,0.348,0.127
Bradley Jr., Jackie,2020,22.1,10.6,0.283,0.45,0.364,0.814,0.168,0.23,0.376,0.347,0.319,0.146
Sogard, Eric,2019,14.3,8.6,0.29,0.457,0.351,0.808,0.167,0.268,0.376,0.342,0.335,0.108
Phegley, Josh,2019,18.4,4.4,0.239,0.411,0.281,0.692,0.172,0.246,0.376,0.291,0.291,0.13
Iglesias, Jose,2019,13.2,3.8,0.288,0.407,0.317,0.724,0.119,0.271,0.376,0.306,0.304,0.104
Fisher, Derek,2019,34.1,12.6,0.185,0.37,0.287,0.657,0.185,0.218,0.376,0.283,0.317,0.158
Thaiss, Matt,2019,31.7,10.4,0.211,0.422,0.293,0.714,0.211,0.217,0.376,0.303,0.299,0.159
Tucker, Cole,2019,25.2,6.3,0.211,0.361,0.264,0.625,0.15,0.246,0.376,0.264,0.299,0.129
Kinsler, Ian,2018,12,7.5,0.24,0.38,0.301,0.681,0.14,0.251,0.376,0.298,0.313,0.124
Wendle, Joey,2020,19,5.4,0.286,0.435,0.342,0.777,0.149,0.256,0.377,0.329,0.317,0.121
Margot, Manuel,2020,15.7,8.2,0.269,0.352,0.327,0.679,0.083,0.255,0.377,0.296,0.315,0.121
Rengifo, Luis,2019,22.9,9.9,0.238,0.364,0.32,0.684,0.126,0.241,0.377,0.298,0.327,0.136
Fletcher, David,2019,9.8,8.4,0.29,0.384,0.349,0.733,0.094,0.297,0.377,0.318,0.357,0.08
Ahmed, Nick,2018,19.3,7.1,0.234,0.411,0.289,0.7,0.176,0.241,0.377,0.3,0.296,0.136
Ervin, Phillip,2018,24.3,8.1,0.252,0.404,0.324,0.728,0.151,0.24,0.377,0.315,0.318,0.137
Baez, Javier,2020,31.9,3,0.203,0.36,0.238,0.599,0.158,0.215,0.378,0.252,0.254,0.163
Hicks, Aaron,2019,28.2,12.2,0.235,0.443,0.325,0.769,0.208,0.206,0.378,0.325,0.304,0.172
Smith, Dwight,2019,20.9,6.6,0.241,0.412,0.296,0.708,0.171,0.241,0.378,0.299,0.298,0.137
Robertson, Daniel,2018,22.6,12.6,0.262,0.415,0.382,0.797,0.152,0.236,0.378,0.354,0.361,0.142
Wendle, Joey,2018,17.6,6.8,0.3,0.435,0.352,0.788,0.136,0.264,0.378,0.338,0.326,0.115
Marte, Ketel,2020,10.8,3.6,0.287,0.409,0.323,0.732,0.122,0.265,0.379,0.311,0.309,0.114
Torres, Gleyber,2020,17.5,13.8,0.243,0.368,0.356,0.724,0.125,0.243,0.379,0.321,0.358,0.136
Rojas, Miguel,2019,11.8,6.1,0.284,0.379,0.331,0.71,0.095,0.275,0.379,0.305,0.326,0.105
Murphy, Daniel,2019,15.5,6.7,0.279,0.452,0.326,0.778,0.174,0.254,0.379,0.328,0.306,0.124
Knapp, Andrew,2019,31.9,11.3,0.213,0.324,0.313,0.636,0.11,0.216,0.379,0.282,0.322,0.163
Mejia, Francisco,2019,23,5.3,0.265,0.438,0.316,0.754,0.173,0.225,0.379,0.317,0.28,0.154
Robles, Victor,2019,22.7,5.7,0.255,0.419,0.323,0.742,0.165,0.234,0.379,0.317,0.31,0.145
Ellis, A.J.,2018,20.2,14.2,0.272,0.344,0.372,0.716,0.073,0.25,0.379,0.325,0.363,0.129
Flores, Wilmer,2018,9.8,6.8,0.267,0.417,0.319,0.736,0.15,0.259,0.379,0.316,0.315,0.12
Camargo, Johan,2018,20.6,9.7,0.272,0.457,0.349,0.806,0.185,0.239,0.379,0.346,0.323,0.14
Frazier, Adam,2020,15.2,7.4,0.23,0.364,0.296,0.659,0.134,0.253,0.38,0.286,0.318,0.127
Ahmed, Nick,2020,21.2,8.3,0.266,0.402,0.327,0.729,0.136,0.247,0.38,0.313,0.31,0.133
Alonso, Yonder,2019,20.9,11.6,0.199,0.346,0.296,0.641,0.147,0.232,0.38,0.277,0.327,0.148
Panik, Joe,2019,9.6,8.8,0.244,0.336,0.314,0.649,0.091,0.254,0.38,0.284,0.326,0.126
Maybin, Cameron,2018,19.5,9.9,0.249,0.336,0.326,0.662,0.088,0.26,0.38,0.295,0.337,0.12
Parra, Gerardo,2018,16.9,7.2,0.284,0.372,0.341,0.712,0.087,0.266,0.38,0.313,0.328,0.114
Hicks, John,2018,26.9,7.1,0.26,0.403,0.311,0.714,0.142,0.232,0.38,0.311,0.286,0.149
Owings, Chris,2018,24.3,7.8,0.206,0.302,0.272,0.574,0.096,0.234,0.38,0.25,0.298,0.146
Cabrera, Melky,2019,10.3,4.3,0.28,0.399,0.312,0.712,0.119,0.281,0.381,0.301,0.314,0.1
Travis, Sam,2019,22.9,7,0.215,0.382,0.274,0.656,0.167,0.223,0.381,0.273,0.285,0.159
Kratz, Erik,2018,18.3,2.7,0.236,0.355,0.279,0.633,0.118,0.233,0.381,0.278,0.276,0.148
Perez, Hernan,2018,21.3,5.1,0.253,0.386,0.29,0.676,0.133,0.246,0.381,0.292,0.285,0.135
Correa, Carlos,2018,23.7,11.3,0.239,0.405,0.323,0.728,0.167,0.235,0.381,0.313,0.323,0.147
Bell, Josh,2020,26.5,9.9,0.226,0.364,0.305,0.669,0.138,0.229,0.382,0.282,0.309,0.153
Zunino, Mike,2019,33.9,6.9,0.165,0.312,0.232,0.544,0.147,0.195,0.382,0.235,0.259,0.187
Reyes, Victor,2019,21.9,4.8,0.304,0.431,0.336,0.767,0.127,0.277,0.382,0.325,0.312,0.104
Naylor, Josh,2019,22.9,9,0.249,0.403,0.315,0.719,0.154,0.243,0.382,0.306,0.31,0.14
Beckham, Tim,2018,24.9,6.7,0.23,0.374,0.286,0.66,0.144,0.24,0.382,0.288,0.297,0.142
Eaton, Adam,2018,17.3,10.3,0.301,0.411,0.392,0.803,0.11,0.275,0.382,0.358,0.374,0.106
Riddle, JT,2018,20.2,6,0.231,0.377,0.274,0.651,0.146,0.249,0.382,0.282,0.295,0.133
Schoop, Jonathan,2020,22,4.5,0.278,0.475,0.322,0.797,0.198,0.244,0.383,0.334,0.295,0.139
Dozier, Hunter,2020,25.8,14.5,0.228,0.392,0.344,0.736,0.165,0.235,0.383,0.321,0.351,0.148
White, Evan,2020,41.6,8.9,0.176,0.346,0.252,0.599,0.17,0.189,0.383,0.257,0.269,0.193
Goodwin, Brian,2020,32.9,10.4,0.215,0.417,0.299,0.715,0.201,0.212,0.383,0.3,0.3,0.17
Davis, Chris,2019,39.5,11.1,0.179,0.326,0.276,0.601,0.147,0.208,0.383,0.263,0.304,0.175
Hernandez, Cesar,2019,15,6.7,0.279,0.408,0.333,0.741,0.129,0.269,0.383,0.315,0.324,0.114
Bour, Justin,2019,30.6,10,0.172,0.364,0.259,0.623,0.192,0.193,0.383,0.267,0.28,0.19
Castro, Harold,2019,23.3,2.4,0.291,0.384,0.304,0.688,0.093,0.265,0.383,0.292,0.283,0.118
Santana, Domingo,2018,32.8,8.5,0.265,0.412,0.328,0.74,0.147,0.227,0.383,0.319,0.298,0.156
Margot, Manuel,2018,17,6.2,0.245,0.384,0.291,0.675,0.138,0.26,0.383,0.288,0.309,0.123
Polanco, Jorge,2020,15.5,5.8,0.258,0.354,0.301,0.655,0.096,0.264,0.384,0.284,0.309,0.12
Flowers, Tyler,2019,33.9,10,0.229,0.413,0.319,0.733,0.185,0.199,0.384,0.31,0.294,0.185
Avila, Alex,2018,38.5,15.8,0.165,0.304,0.299,0.603,0.139,0.191,0.384,0.273,0.322,0.193
Lamb, Jake,2018,27.3,10.9,0.222,0.348,0.307,0.655,0.126,0.233,0.384,0.29,0.32,0.152
Eaton, Adam,2020,18.2,6.8,0.226,0.384,0.278,0.662,0.157,0.248,0.385,0.283,0.305,0.137
Peralta, David,2019,20.6,8.3,0.275,0.461,0.343,0.804,0.186,0.251,0.385,0.338,0.322,0.134
Crawford, Brandon,2018,20.5,8.4,0.254,0.394,0.325,0.719,0.139,0.257,0.385,0.306,0.331,0.128
Semien, Marcus,2018,18.6,8.7,0.255,0.388,0.317,0.705,0.133,0.246,0.385,0.308,0.312,0.139
Molina, Yadier,2020,13.5,3.8,0.262,0.359,0.301,0.66,0.097,0.256,0.386,0.286,0.298,0.13
Cabrera, Melky,2018,13.7,7.2,0.28,0.42,0.335,0.755,0.14,0.292,0.386,0.326,0.354,0.094
Hampson, Garrett,2020,32.6,7.1,0.234,0.383,0.283,0.666,0.15,0.224,0.387,0.285,0.282,0.162
Newman, Kevin,2019,11.7,5.3,0.308,0.446,0.352,0.798,0.138,0.282,0.387,0.34,0.329,0.106
Bote, David,2019,26.1,12.4,0.257,0.422,0.362,0.785,0.165,0.248,0.387,0.336,0.355,0.139
O'Neill, Tyler,2019,35.1,6.6,0.262,0.411,0.311,0.723,0.149,0.22,0.387,0.308,0.273,0.167
Wieters, Matt,2018,16.6,11.1,0.238,0.374,0.328,0.703,0.136,0.227,0.387,0.308,0.321,0.16
Sandoval, Pablo,2018,20.6,7.5,0.248,0.417,0.31,0.727,0.17,0.235,0.387,0.312,0.3,0.152
Casali, Curt,2018,20.5,7.7,0.293,0.45,0.353,0.803,0.157,0.268,0.387,0.347,0.333,0.119
Bonifacio, Jorge,2018,26.3,10.7,0.225,0.36,0.311,0.671,0.136,0.241,0.387,0.296,0.329,0.146
Cuthbert, Cheslor,2019,20.3,5.8,0.246,0.379,0.294,0.673,0.133,0.254,0.388,0.287,0.302,0.135
Tapia, Raimel,2019,22.4,4.7,0.275,0.415,0.309,0.724,0.141,0.265,0.388,0.307,0.299,0.123
Moncada, Yoan,2018,33.4,10.3,0.235,0.4,0.314,0.714,0.164,0.216,0.388,0.311,0.298,0.172
Arenado, Nolan,2020,10,7.5,0.253,0.434,0.303,0.738,0.181,0.236,0.389,0.303,0.289,0.153
Berti, Jon,2019,25.4,8.4,0.273,0.406,0.348,0.755,0.133,0.263,0.389,0.327,0.341,0.126
Frazier, Todd,2018,23.7,10.2,0.213,0.39,0.303,0.693,0.176,0.221,0.389,0.302,0.311,0.168
Gonzalez, Carlos,2018,22.4,7.3,0.276,0.467,0.329,0.796,0.19,0.247,0.389,0.338,0.304,0.142
Hosmer, Eric,2018,21,9.2,0.253,0.398,0.322,0.72,0.145,0.252,0.389,0.31,0.323,0.137
Peraza, Jose,2018,11,4.2,0.288,0.416,0.322,0.738,0.128,0.28,0.389,0.319,0.321,0.109
Segura, Jean,2020,20.7,10.6,0.266,0.422,0.346,0.767,0.156,0.25,0.39,0.328,0.333,0.14
Almora Jr., Albert,2019,17.1,4.4,0.236,0.381,0.267,0.648,0.145,0.258,0.39,0.271,0.292,0.133
Desmond, Ian,2018,23.6,8.6,0.236,0.422,0.307,0.729,0.186,0.23,0.39,0.315,0.303,0.16
Chirinos, Robinson,2018,32.9,10.6,0.222,0.419,0.338,0.757,0.197,0.197,0.39,0.333,0.318,0.194
Dietrich, Derek,2018,25.4,5.3,0.265,0.421,0.33,0.751,0.156,0.242,0.39,0.327,0.31,0.148
Altherr, Aaron,2018,31.9,12.6,0.181,0.333,0.295,0.628,0.152,0.217,0.39,0.282,0.327,0.174
Hernandez, Cesar,2020,21.8,9.2,0.283,0.408,0.352,0.76,0.124,0.27,0.391,0.33,0.344,0.121
Solak, Nick,2020,18,7.7,0.268,0.344,0.326,0.671,0.077,0.264,0.391,0.293,0.326,0.127
Chavis, Michael,2020,31.6,5.1,0.212,0.377,0.259,0.636,0.164,0.224,0.391,0.268,0.275,0.166
Maldonado, Martin,2019,23,8.6,0.213,0.378,0.291,0.67,0.165,0.217,0.391,0.288,0.299,0.174
Beckham, Gordon,2019,28.3,5.4,0.215,0.372,0.271,0.643,0.157,0.224,0.391,0.274,0.279,0.167
Grossman, Robbie,2019,17.8,12.2,0.24,0.348,0.334,0.682,0.107,0.268,0.392,0.299,0.36,0.124
Pina, Manny,2018,18.4,6.2,0.252,0.395,0.306,0.701,0.144,0.248,0.392,0.301,0.306,0.143
Solarte, Yangervis,2018,14.2,6.1,0.226,0.378,0.277,0.655,0.152,0.253,0.392,0.284,0.303,0.139
McMahon, Ryan,2020,34.2,9.3,0.215,0.419,0.295,0.714,0.203,0.206,0.393,0.303,0.288,0.188
Mondesi, Adalberto,2019,29.8,4.3,0.263,0.424,0.289,0.713,0.161,0.238,0.393,0.298,0.274,0.155
Bautista, Jose,2018,27.8,16.8,0.203,0.378,0.348,0.727,0.175,0.219,0.393,0.324,0.363,0.173
Heyward, Jason,2018,12.3,8.6,0.27,0.395,0.333,0.729,0.125,0.269,0.393,0.319,0.335,0.124
Parra, Gerardo,2019,19.6,6.3,0.234,0.391,0.292,0.683,0.157,0.25,0.394,0.288,0.31,0.145
Galvis, Freddy,2019,24.6,4.8,0.26,0.438,0.295,0.733,0.178,0.24,0.394,0.308,0.277,0.154
Souza Jr., Steven,2018,27.6,10.3,0.22,0.369,0.309,0.678,0.149,0.238,0.394,0.3,0.325,0.156
Panik, Joe,2018,7.7,6.6,0.254,0.332,0.306,0.639,0.078,0.289,0.394,0.28,0.342,0.106
Happ, Ian,2018,36.1,15.2,0.233,0.408,0.353,0.761,0.176,0.212,0.394,0.329,0.337,0.182
Escobar, Eduardo,2020,18.5,6.8,0.212,0.335,0.27,0.605,0.123,0.263,0.395,0.253,0.318,0.132
Adames, Willy,2020,36.1,9.8,0.259,0.481,0.332,0.813,0.222,0.229,0.395,0.341,0.305,0.165
Frazier, Adam,2018,15.1,8.2,0.277,0.456,0.341,0.797,0.179,0.268,0.395,0.343,0.334,0.127
Gregorius, Didi,2020,11.8,6.3,0.284,0.488,0.338,0.826,0.205,0.261,0.396,0.342,0.32,0.135
Gonzalez, Erik,2020,26.4,4.1,0.227,0.359,0.254,0.613,0.133,0.239,0.396,0.258,0.278,0.157
Span, Denard,2018,15.8,10.2,0.261,0.419,0.341,0.76,0.158,0.284,0.396,0.33,0.364,0.111
Lugo, Dawel,2019,20.5,2.8,0.245,0.381,0.271,0.652,0.136,0.263,0.397,0.272,0.29,0.134
Goodwin, Brian,2018,31.7,8.9,0.239,0.39,0.317,0.707,0.151,0.228,0.397,0.311,0.31,0.169
Holt, Brock,2018,19.9,10.1,0.277,0.411,0.362,0.774,0.134,0.272,0.397,0.339,0.359,0.124
Grossman, Robbie,2020,19.8,10.9,0.241,0.482,0.344,0.826,0.241,0.24,0.398,0.345,0.343,0.158
Granderson, Curtis,2019,27,11.3,0.183,0.356,0.281,0.637,0.174,0.217,0.398,0.275,0.314,0.181
Gomes, Yan,2019,23.5,10.6,0.223,0.389,0.316,0.704,0.166,0.22,0.398,0.298,0.315,0.179
Goodrum, Niko,2019,29.2,9.7,0.248,0.421,0.322,0.743,0.173,0.241,0.398,0.316,0.317,0.157
Garver, Mitch,2018,21.5,8.7,0.268,0.414,0.334,0.748,0.146,0.248,0.398,0.325,0.317,0.15
Farmer, Kyle,2019,29.9,5.1,0.23,0.41,0.279,0.689,0.18,0.232,0.399,0.287,0.282,0.168
Casali, Curt,2019,25,10.6,0.251,0.411,0.331,0.741,0.159,0.236,0.399,0.316,0.32,0.163
Cain, Lorenzo,2018,15.2,11.5,0.308,0.417,0.395,0.813,0.109,0.289,0.399,0.359,0.379,0.11
Mercer, Jordy,2018,20,7.3,0.251,0.381,0.314,0.695,0.129,0.27,0.399,0.296,0.334,0.128
Stassi, Max,2018,29.6,9.2,0.226,0.394,0.316,0.71,0.167,0.207,0.399,0.313,0.299,0.192
Nimmo, Brandon,2018,26.2,15,0.263,0.483,0.404,0.886,0.219,0.24,0.399,0.385,0.385,0.159
Pujols, Albert,2020,15.3,5.5,0.224,0.395,0.27,0.665,0.171,0.248,0.4,0.278,0.294,0.152
Reynolds, Bryan,2020,27.4,10.1,0.189,0.357,0.274,0.631,0.168,0.228,0.4,0.273,0.31,0.173
Bregman, Alex,2020,14.4,13.3,0.242,0.451,0.35,0.801,0.209,0.256,0.4,0.339,0.364,0.144
Reddick, Josh,2019,12,6.5,0.275,0.409,0.316,0.726,0.134,0.276,0.4,0.308,0.325,0.125
Zobrist, Ben,2018,11.5,10.6,0.305,0.44,0.377,0.816,0.134,0.277,0.4,0.355,0.357,0.122
Profar, Jurickson,2018,14.8,9.1,0.254,0.458,0.335,0.793,0.204,0.255,0.4,0.341,0.337,0.145
Smith, Kevan,2018,9.6,5.3,0.292,0.38,0.348,0.728,0.088,0.274,0.4,0.322,0.333,0.126
Franco, Maikel,2020,15.6,6.6,0.278,0.457,0.321,0.778,0.179,0.259,0.401,0.324,0.307,0.142
Alberto, Hanser,2019,9.1,2.9,0.305,0.422,0.327,0.749,0.116,0.283,0.401,0.318,0.309,0.119
Chavis, Michael,2019,33.2,8.1,0.254,0.444,0.322,0.766,0.19,0.219,0.401,0.323,0.292,0.182
Villanueva, Christian,2018,27.1,6,0.236,0.45,0.299,0.75,0.214,0.225,0.401,0.323,0.29,0.176
Dickerson, Corey,2020,16.7,7.1,0.258,0.402,0.31,0.712,0.144,0.254,0.402,0.303,0.308,0.148
Piscotty, Stephen,2020,31,5.3,0.226,0.358,0.269,0.627,0.132,0.239,0.402,0.269,0.283,0.163
Crawford, Brandon,2020,24.4,7.8,0.256,0.465,0.326,0.792,0.209,0.238,0.402,0.329,0.313,0.164
Kiermaier, Kevin,2019,21.7,5.4,0.228,0.398,0.277,0.675,0.17,0.25,0.402,0.284,0.299,0.153
Cespedes, Yoenis,2018,31.8,8.3,0.262,0.496,0.325,0.821,0.234,0.203,0.402,0.345,0.275,0.199
Segura, Jean,2018,10.9,5.1,0.304,0.415,0.339,0.753,0.111,0.28,0.402,0.327,0.32,0.122
Marte, Ketel,2018,13.6,9.3,0.26,0.437,0.331,0.768,0.177,0.263,0.402,0.33,0.336,0.14
Brinson, Lewis,2018,29.6,4.2,0.199,0.338,0.239,0.577,0.139,0.229,0.402,0.248,0.271,0.173
Dubon, Mauricio,2020,20.3,8.5,0.274,0.389,0.333,0.722,0.115,0.257,0.403,0.313,0.324,0.146
France, Ty,2019,24.4,4.5,0.234,0.402,0.294,0.696,0.168,0.236,0.403,0.296,0.296,0.167
Simmons, Andrelton,2018,7.3,5.8,0.292,0.417,0.337,0.754,0.125,0.282,0.403,0.326,0.331,0.121
Gonzalez, Marwin,2020,20.6,8.5,0.211,0.32,0.286,0.606,0.109,0.242,0.404,0.265,0.317,0.163
Adrianza, Ehire,2019,16.9,8.5,0.272,0.416,0.343,0.759,0.144,0.272,0.404,0.326,0.353,0.133
Descalso, Daniel,2018,26,15.1,0.238,0.436,0.352,0.788,0.198,0.233,0.404,0.341,0.354,0.171
Kipnis, Jason,2018,18.6,10,0.23,0.389,0.314,0.703,0.158,0.242,0.404,0.309,0.329,0.163
Chirinos, Robinson,2019,28.6,11.7,0.238,0.443,0.346,0.788,0.205,0.216,0.405,0.336,0.332,0.189
Ramos, Wilson,2019,13.2,8.4,0.288,0.416,0.351,0.768,0.129,0.264,0.405,0.327,0.331,0.14
Taylor, Chris,2019,27.8,8.9,0.262,0.462,0.331,0.793,0.199,0.242,0.405,0.331,0.317,0.163
Hernandez, Gorkys,2018,25.1,6,0.234,0.391,0.284,0.675,0.157,0.241,0.405,0.292,0.295,0.164
Correa, Carlos,2020,22.2,7.2,0.264,0.383,0.326,0.709,0.119,0.256,0.406,0.305,0.322,0.149
Polanco, Gregory,2019,29.3,7.2,0.242,0.425,0.299,0.724,0.183,0.227,0.406,0.305,0.288,0.179
Grandal, Yasmani,2020,29.9,15.5,0.23,0.422,0.351,0.773,0.193,0.21,0.407,0.333,0.336,0.197
Andrus, Elvis,2019,14.8,5.2,0.275,0.393,0.313,0.707,0.118,0.275,0.407,0.3,0.318,0.132
Heyward, Jason,2019,18.7,11.5,0.251,0.429,0.343,0.772,0.177,0.261,0.407,0.328,0.352,0.146
Gyorko, Jedd,2018,19.2,10.9,0.262,0.416,0.346,0.762,0.154,0.232,0.407,0.333,0.322,0.175
Gattis, Evan,2018,22.4,7.3,0.226,0.452,0.284,0.736,0.226,0.224,0.407,0.311,0.287,0.183
Devers, Rafael,2018,24.7,7.8,0.24,0.433,0.298,0.731,0.193,0.236,0.407,0.31,0.296,0.171
Carpenter, Matt,2020,28.4,13.6,0.186,0.314,0.325,0.64,0.129,0.215,0.408,0.289,0.35,0.193
DeJong, Paul,2020,28.7,9.8,0.25,0.349,0.322,0.671,0.099,0.24,0.408,0.292,0.316,0.168
Segura, Jean,2019,11.8,4.9,0.28,0.42,0.322,0.742,0.141,0.275,0.408,0.315,0.319,0.134
Crawford, Brandon,2019,20.9,9.5,0.228,0.35,0.304,0.654,0.122,0.244,0.408,0.281,0.32,0.164
Gregorius, Didi,2019,15.4,4.9,0.238,0.441,0.276,0.718,0.204,0.245,0.408,0.298,0.286,0.163
Frazier, Adam,2019,12.3,6.6,0.278,0.417,0.334,0.751,0.139,0.279,0.408,0.32,0.338,0.129
Bird, Greg,2018,25.1,9.6,0.199,0.386,0.286,0.672,0.188,0.201,0.408,0.291,0.29,0.208
Wieters, Matt,2019,25.7,6.6,0.214,0.435,0.268,0.702,0.22,0.221,0.409,0.292,0.274,0.188
McNeil, Jeff,2020,11.5,9.6,0.311,0.454,0.383,0.836,0.142,0.278,0.41,0.354,0.357,0.131
Laureano, Ramon,2020,26.1,10.8,0.213,0.366,0.338,0.704,0.153,0.235,0.41,0.311,0.357,0.175
Hundley, Nick,2018,27.9,7.2,0.241,0.408,0.298,0.706,0.167,0.259,0.41,0.304,0.315,0.15
Gregorius, Didi,2018,12.1,8.4,0.268,0.494,0.334,0.828,0.226,0.264,0.41,0.35,0.334,0.145
Travis, Devon,2018,16.9,4.2,0.232,0.381,0.275,0.656,0.148,0.266,0.41,0.284,0.307,0.144
Kepler, Max,2018,15.7,11.6,0.224,0.408,0.319,0.727,0.184,0.236,0.41,0.317,0.332,0.174
Frazier, Todd,2019,21.2,8,0.251,0.443,0.329,0.772,0.192,0.238,0.411,0.328,0.317,0.174
Forsythe, Logan,2019,27.2,12,0.227,0.353,0.324,0.678,0.126,0.238,0.411,0.298,0.335,0.173
Mercado, Oscar,2019,17.4,5.8,0.269,0.443,0.313,0.756,0.174,0.264,0.411,0.321,0.315,0.147
Bader, Harrison,2019,28.8,11.3,0.205,0.366,0.313,0.679,0.161,0.217,0.411,0.293,0.328,0.195
Iannetta, Chris,2018,24.2,13.9,0.224,0.385,0.344,0.729,0.161,0.231,0.411,0.32,0.355,0.18
Gennett, Scooter,2018,19.6,6.6,0.31,0.49,0.356,0.846,0.18,0.258,0.411,0.362,0.312,0.152
Albies, Ozzie,2018,17,5.3,0.261,0.452,0.304,0.756,0.191,0.253,0.411,0.324,0.298,0.158
Rizzo, Anthony,2020,15.6,11.5,0.222,0.414,0.342,0.755,0.192,0.266,0.412,0.321,0.382,0.146
Marte, Starling,2020,16.4,4.8,0.281,0.43,0.34,0.77,0.149,0.261,0.412,0.328,0.323,0.151
Pina, Manny,2019,27.9,8.9,0.228,0.411,0.313,0.724,0.184,0.228,0.412,0.308,0.314,0.184
Hechavarria, Adeiny,2019,21.7,6.3,0.241,0.443,0.299,0.742,0.202,0.235,0.412,0.312,0.295,0.177
O'Hearn, Ryan,2019,26.8,10.5,0.195,0.369,0.281,0.65,0.174,0.225,0.412,0.279,0.309,0.187
Castro, Starlin,2018,19.2,7.4,0.278,0.4,0.329,0.729,0.121,0.263,0.412,0.316,0.316,0.15
Bour, Justin,2018,24.8,14.6,0.227,0.404,0.341,0.746,0.177,0.225,0.412,0.325,0.341,0.187
Alfaro, Jorge,2018,36.6,4.8,0.262,0.407,0.324,0.731,0.145,0.234,0.412,0.314,0.298,0.178
Anderson, Brian,2018,19.3,9.3,0.273,0.4,0.357,0.757,0.127,0.261,0.412,0.333,0.347,0.15
Gurriel, Yuli,2020,11.7,5.2,0.232,0.384,0.274,0.658,0.152,0.268,0.413,0.276,0.317,0.145
Gallo, Joey,2020,35,12.8,0.181,0.378,0.301,0.679,0.197,0.19,0.413,0.292,0.309,0.223
Canha, Mark,2020,22.2,15.2,0.246,0.408,0.387,0.795,0.162,0.241,0.413,0.346,0.387,0.172
Profar, Jurickson,2020,13.9,7.4,0.278,0.428,0.342,0.769,0.15,0.284,0.413,0.33,0.352,0.129
McCann, Brian,2019,16.8,9.8,0.249,0.412,0.323,0.734,0.162,0.244,0.413,0.312,0.324,0.169
Flowers, Tyler,2018,25.7,11.8,0.227,0.359,0.341,0.7,0.131,0.24,0.413,0.315,0.354,0.173
Polanco, Gregory,2020,37.4,7.5,0.153,0.325,0.213,0.537,0.172,0.222,0.414,0.228,0.28,0.192
Villar, Jonathan,2019,24.6,8.5,0.274,0.453,0.338,0.791,0.179,0.247,0.414,0.335,0.317,0.166
Hernandez, Enrique,2019,21.1,7.8,0.237,0.411,0.304,0.715,0.174,0.243,0.414,0.302,0.313,0.171
Ramirez, Harold,2019,20.4,4,0.276,0.416,0.312,0.727,0.14,0.272,0.414,0.308,0.31,0.142
Joyce, Matt,2018,21.5,14.2,0.208,0.353,0.321,0.674,0.145,0.231,0.414,0.299,0.345,0.182
Almonte, Abraham,2018,23.8,9.9,0.179,0.284,0.258,0.542,0.104,0.243,0.414,0.245,0.322,0.171
McNeil, Jeff,2018,9.7,5.6,0.329,0.471,0.375,0.846,0.142,0.279,0.414,0.368,0.337,0.134
Brantley, Michael,2020,15,9.1,0.3,0.476,0.364,0.84,0.176,0.262,0.415,0.356,0.329,0.153
Franco, Maikel,2018,13.3,6.2,0.27,0.467,0.314,0.78,0.196,0.258,0.415,0.328,0.304,0.156
Fowler, Dustin,2018,23.2,3.9,0.224,0.354,0.256,0.61,0.13,0.262,0.415,0.263,0.295,0.152
Pillar, Kevin,2019,13.8,2.8,0.259,0.432,0.287,0.719,0.173,0.266,0.416,0.298,0.296,0.151
Arraez, Luis,2019,7.9,9.8,0.334,0.439,0.399,0.838,0.104,0.294,0.416,0.36,0.366,0.122
Hosmer, Eric,2019,24.4,6,0.265,0.425,0.31,0.735,0.16,0.255,0.417,0.309,0.303,0.162
Eaton, Adam,2019,16.2,9.9,0.279,0.428,0.36,0.787,0.148,0.263,0.417,0.342,0.353,0.153
Naquin, Tyler,2018,23,3.3,0.264,0.356,0.295,0.651,0.092,0.281,0.417,0.282,0.312,0.136
Odor, Rougned,2018,23.7,8,0.253,0.424,0.325,0.749,0.171,0.244,0.417,0.325,0.321,0.173
Cabrera, Asdrubal,2019,20,11.1,0.26,0.441,0.342,0.783,0.181,0.241,0.418,0.331,0.329,0.177
Carpenter, Matt,2019,26.2,12.8,0.226,0.392,0.333,0.725,0.166,0.224,0.418,0.315,0.337,0.194
Martinez, Victor,2018,9.6,6.3,0.251,0.353,0.297,0.651,0.103,0.27,0.418,0.281,0.318,0.148
Jones, Adam,2018,15.2,3.9,0.281,0.419,0.313,0.732,0.138,0.271,0.418,0.315,0.305,0.147
Goodrum, Niko,2018,26.8,8.5,0.245,0.432,0.315,0.747,0.187,0.243,0.418,0.322,0.314,0.175
Solano, Donovan,2020,19.2,4.9,0.326,0.463,0.365,0.828,0.137,0.281,0.419,0.351,0.322,0.138
Jansen, Danny,2019,20.6,8.1,0.207,0.36,0.279,0.639,0.153,0.246,0.419,0.275,0.315,0.173
Suzuki, Kurt,2018,11.1,5.7,0.271,0.444,0.332,0.776,0.173,0.271,0.419,0.335,0.336,0.148
Ramos, Wilson,2020,20,6.5,0.239,0.387,0.297,0.684,0.148,0.248,0.42,0.293,0.307,0.171
Tsutsugo, Yoshi,2020,27,14.1,0.197,0.395,0.314,0.708,0.197,0.212,0.42,0.304,0.326,0.208
Goodwin, Brian,2019,28.2,8.3,0.262,0.47,0.325,0.795,0.208,0.238,0.42,0.332,0.308,0.182
Senzel, Nick,2019,24.4,7.2,0.256,0.427,0.312,0.738,0.171,0.248,0.42,0.316,0.309,0.172
Gonzalez, Marwin,2018,22.8,9.6,0.247,0.409,0.321,0.73,0.162,0.246,0.42,0.318,0.324,0.174
Taylor, Chris,2018,29.5,9.1,0.254,0.444,0.331,0.775,0.19,0.245,0.42,0.335,0.327,0.175
Blackmon, Charlie,2020,17.8,7.7,0.303,0.448,0.356,0.804,0.145,0.274,0.421,0.335,0.338,0.147
Gurriel, Yuli,2019,10.6,6,0.298,0.541,0.343,0.884,0.243,0.283,0.421,0.364,0.332,0.138
Seager, Kyle,2018,21.9,6,0.221,0.4,0.273,0.673,0.178,0.25,0.421,0.288,0.3,0.171
Cain, Lorenzo,2019,17,8,0.26,0.372,0.324,0.696,0.112,0.292,0.422,0.302,0.355,0.13
Tauchman, Mike,2019,24,11.5,0.277,0.504,0.361,0.865,0.227,0.253,0.422,0.364,0.34,0.17
Zunino, Mike,2018,37,5.9,0.201,0.41,0.259,0.669,0.209,0.208,0.422,0.288,0.267,0.214
Posey, Buster,2019,16,7.6,0.257,0.368,0.319,0.687,0.111,0.254,0.423,0.298,0.317,0.169
Astudillo, Willians,2019,3.9,2.5,0.268,0.379,0.299,0.678,0.111,0.288,0.423,0.288,0.324,0.135
Davidson, Matt,2018,33.3,10.5,0.228,0.419,0.319,0.738,0.191,0.223,0.423,0.322,0.316,0.2
Nimmo, Brandon,2020,19.1,14.7,0.28,0.484,0.404,0.888,0.204,0.251,0.424,0.381,0.382,0.173
La Stella, Tommy,2020,5.3,11.8,0.281,0.449,0.368,0.817,0.168,0.278,0.424,0.35,0.368,0.146
Iannetta, Chris,2019,32.9,11,0.222,0.417,0.311,0.728,0.194,0.234,0.424,0.303,0.324,0.19
Santana, Carlos,2018,13.7,16.2,0.229,0.414,0.352,0.766,0.186,0.249,0.424,0.333,0.371,0.175
Lowrie, Jed,2018,18.8,11.5,0.267,0.448,0.353,0.801,0.181,0.252,0.424,0.348,0.341,0.172
Turner, Trea,2018,17.8,9.3,0.271,0.416,0.343,0.759,0.145,0.277,0.424,0.331,0.351,0.147
Anderson, Brian,2020,28.8,9.6,0.255,0.465,0.345,0.81,0.21,0.228,0.425,0.342,0.322,0.197
Kipnis, Jason,2019,17.2,7.8,0.245,0.41,0.301,0.712,0.166,0.259,0.425,0.301,0.321,0.166
Bell, Josh,2018,17.8,13.2,0.261,0.411,0.357,0.768,0.15,0.262,0.425,0.336,0.358,0.164
White, Tyler,2018,20.7,10.1,0.276,0.533,0.354,0.888,0.257,0.244,0.425,0.377,0.326,0.181
Ohtani, Shohei,2020,28.6,12.6,0.19,0.366,0.291,0.657,0.176,0.235,0.426,0.286,0.332,0.191
Upton, Justin,2019,30.5,12.5,0.215,0.416,0.309,0.724,0.201,0.219,0.426,0.307,0.315,0.207
Beckham, Tim,2019,31.1,6.4,0.237,0.461,0.293,0.753,0.224,0.222,0.426,0.315,0.28,0.204
Cervelli, Francisco,2018,20.8,12.6,0.259,0.431,0.376,0.807,0.172,0.242,0.426,0.355,0.366,0.184
Miller, Brad,2018,32.3,8.7,0.248,0.413,0.311,0.724,0.165,0.227,0.426,0.311,0.294,0.198
Moran, Colin,2018,17.6,8.4,0.277,0.407,0.34,0.747,0.13,0.271,0.426,0.322,0.338,0.156
Castillo, Welington,2019,29.5,6.4,0.209,0.417,0.267,0.684,0.209,0.218,0.427,0.287,0.277,0.209
Franco, Maikel,2019,14.3,8.4,0.234,0.409,0.297,0.705,0.175,0.248,0.427,0.281,0.312,0.179
Sisco, Chance,2019,30.8,11.1,0.21,0.395,0.333,0.729,0.186,0.223,0.427,0.319,0.345,0.205
VanMeter, Josh,2019,21.5,11.2,0.237,0.408,0.327,0.735,0.171,0.25,0.427,0.316,0.339,0.177
Arcia, Orlando,2020,16.9,7.4,0.26,0.416,0.317,0.734,0.156,0.281,0.428,0.312,0.339,0.147
Kepler, Max,2020,18.4,11.2,0.228,0.439,0.321,0.76,0.211,0.258,0.428,0.323,0.35,0.169
Reyes, Victor,2020,21.1,4.2,0.277,0.391,0.315,0.706,0.114,0.287,0.428,0.302,0.324,0.141
Rojas, Josh,2019,26.1,11.5,0.217,0.312,0.312,0.624,0.094,0.247,0.428,0.279,0.338,0.181
Granderson, Curtis,2018,26.3,13.4,0.242,0.431,0.35,0.781,0.19,0.255,0.428,0.341,0.362,0.173
Hoskins, Rhys,2019,24.5,16.5,0.226,0.454,0.363,0.818,0.228,0.221,0.429,0.347,0.362,0.209
LeMahieu, DJ,2018,14.1,6.4,0.276,0.428,0.32,0.748,0.152,0.282,0.429,0.323,0.329,0.146
Davis, J.D.,2020,24.5,13.5,0.247,0.389,0.371,0.761,0.142,0.258,0.43,0.334,0.381,0.171
Upton, Justin,2020,25.9,6.6,0.204,0.422,0.289,0.711,0.218,0.229,0.43,0.302,0.317,0.201
Fowler, Dexter,2019,24.7,12.9,0.238,0.409,0.345,0.754,0.17,0.254,0.43,0.326,0.361,0.176
Duvall, Adam,2018,27.4,8.7,0.195,0.365,0.274,0.639,0.169,0.23,0.43,0.278,0.306,0.2
Meadows, Austin,2018,20.9,5.2,0.287,0.461,0.325,0.785,0.174,0.268,0.43,0.332,0.311,0.162
Cabrera, Asdrubal,2020,18.8,8.9,0.242,0.447,0.305,0.753,0.205,0.245,0.431,0.314,0.309,0.186
Sanchez, Gary,2020,36,10.1,0.147,0.365,0.253,0.618,0.218,0.193,0.431,0.266,0.294,0.237
Bradley Jr., Jackie,2019,27.3,9.9,0.225,0.421,0.316,0.737,0.196,0.234,0.431,0.314,0.328,0.197
Dean, Austin,2019,24.9,4.8,0.225,0.404,0.259,0.664,0.18,0.259,0.431,0.276,0.294,0.172
Posey, Buster,2018,11.8,10,0.284,0.382,0.359,0.741,0.098,0.28,0.431,0.326,0.356,0.151
Donaldson, Josh,2018,24.7,14.2,0.246,0.449,0.352,0.801,0.203,0.24,0.431,0.345,0.347,0.191
Dozier, Hunter,2018,28.1,6.2,0.229,0.395,0.278,0.673,0.166,0.248,0.431,0.291,0.297,0.183
Pillar, Kevin,2020,18.4,5.8,0.288,0.462,0.336,0.798,0.173,0.27,0.432,0.335,0.32,0.162
Myers, Wil,2019,34.3,10.4,0.239,0.418,0.32,0.739,0.179,0.233,0.432,0.317,0.316,0.2
Ahmed, Nick,2019,18.1,8.3,0.254,0.437,0.315,0.752,0.183,0.261,0.432,0.315,0.327,0.171
Kang, Jung Ho,2019,32.4,5.9,0.169,0.395,0.222,0.617,0.227,0.217,0.432,0.256,0.267,0.215
Kendrick, Howie,2018,18.1,3.1,0.303,0.474,0.331,0.805,0.171,0.274,0.432,0.342,0.304,0.158
Reynolds, Mark,2018,27.2,10.2,0.248,0.476,0.328,0.803,0.228,0.23,0.432,0.342,0.313,0.202
Rosario, Eddie,2018,17.6,5.1,0.288,0.479,0.323,0.802,0.191,0.245,0.432,0.34,0.284,0.187
Nunez, Renato,2020,29.6,7.9,0.256,0.492,0.324,0.816,0.236,0.228,0.433,0.341,0.298,0.205
Severino, Pedro,2020,22.5,9,0.25,0.388,0.32,0.708,0.138,0.27,0.433,0.307,0.34,0.163
Pujols, Albert,2019,12.5,7.9,0.244,0.43,0.305,0.734,0.185,0.253,0.433,0.308,0.317,0.18
Longoria, Evan,2018,19.7,4.3,0.244,0.413,0.281,0.694,0.169,0.254,0.433,0.295,0.293,0.179
Hiura, Keston,2020,34.6,6.5,0.212,0.41,0.297,0.707,0.198,0.21,0.434,0.299,0.3,0.224
Jones, Adam,2019,19.1,5.9,0.26,0.414,0.313,0.727,0.155,0.258,0.434,0.308,0.313,0.177
Narvaez, Omar,2019,19.1,9.8,0.278,0.46,0.353,0.813,0.182,0.262,0.434,0.345,0.34,0.172
Lamb, Jake,2019,24.3,14.2,0.193,0.353,0.323,0.676,0.16,0.232,0.434,0.297,0.361,0.202
Drury, Brandon,2019,25.3,5.6,0.218,0.38,0.262,0.642,0.163,0.251,0.434,0.271,0.296,0.184
Beaty, Matt,2019,12.3,6.3,0.265,0.458,0.317,0.775,0.193,0.279,0.434,0.324,0.33,0.155
Stallings, Jacob,2019,19,7.6,0.262,0.382,0.324,0.706,0.12,0.265,0.434,0.297,0.329,0.169
Biggio, Cavan,2019,28.6,16.5,0.234,0.429,0.363,0.792,0.195,0.243,0.434,0.343,0.371,0.191
Ramirez, Hanley,2018,17.9,7.2,0.254,0.395,0.313,0.708,0.141,0.262,0.434,0.309,0.321,0.172
Markakis, Nick,2018,11.3,10.2,0.297,0.44,0.366,0.806,0.143,0.296,0.434,0.345,0.369,0.137
Hernandez, Enrique,2018,16.9,10.8,0.256,0.47,0.333,0.803,0.214,0.255,0.434,0.342,0.339,0.178
Rodriguez, Ronny,2019,27.9,4.4,0.221,0.438,0.252,0.69,0.217,0.223,0.435,0.283,0.259,0.212
Romine, Austin,2019,20.8,4.2,0.281,0.439,0.308,0.747,0.158,0.263,0.435,0.315,0.294,0.172
Rosario, Amed,2019,18.9,4.7,0.287,0.432,0.322,0.754,0.144,0.294,0.435,0.318,0.331,0.141
Guerrero Jr., Vladimir,2019,17.7,8.9,0.272,0.433,0.339,0.772,0.162,0.261,0.435,0.329,0.33,0.174
Moustakas, Mike,2020,22.1,11,0.23,0.468,0.331,0.799,0.237,0.242,0.436,0.334,0.342,0.194
Dozier, Brian,2019,21.8,12.7,0.238,0.43,0.34,0.771,0.192,0.239,0.436,0.329,0.342,0.197
Conforto, Michael,2018,24.9,13.2,0.243,0.448,0.35,0.797,0.204,0.246,0.436,0.342,0.354,0.19
Lewis, Kyle,2020,29.3,14,0.262,0.437,0.364,0.801,0.175,0.24,0.437,0.344,0.348,0.197
Rosario, Eddie,2020,14.7,8.2,0.257,0.476,0.316,0.792,0.219,0.244,0.437,0.328,0.305,0.193
Gordon, Alex,2019,15.8,8.1,0.266,0.396,0.344,0.74,0.129,0.262,0.437,0.319,0.344,0.176
Grichuk, Randal,2019,26,5.6,0.232,0.457,0.28,0.738,0.225,0.241,0.437,0.307,0.29,0.196
McMahon, Ryan,2019,29.7,10.4,0.25,0.45,0.328,0.778,0.2,0.248,0.437,0.33,0.329,0.189
Gonzalez, Adrian,2018,18.2,8,0.237,0.373,0.299,0.672,0.136,0.258,0.437,0.288,0.323,0.179
Escobar, Eduardo,2018,20,8.2,0.272,0.489,0.334,0.824,0.217,0.251,0.437,0.346,0.319,0.186
Merrifield, Whit,2018,16.1,8.6,0.304,0.438,0.366,0.805,0.134,0.283,0.437,0.349,0.352,0.154
Pillar, Kevin,2018,18.1,3.3,0.252,0.426,0.282,0.708,0.174,0.282,0.437,0.302,0.312,0.155
Hicks, Aaron,2020,18,19.4,0.225,0.414,0.379,0.793,0.189,0.257,0.438,0.346,0.406,0.181
Walker, Neil,2019,20.2,11,0.261,0.395,0.344,0.738,0.134,0.27,0.438,0.319,0.354,0.169
Markakis, Nick,2019,12.6,10,0.285,0.42,0.356,0.776,0.135,0.302,0.438,0.332,0.375,0.136
Profar, Jurickson,2019,14.5,9.3,0.218,0.41,0.301,0.711,0.192,0.256,0.438,0.301,0.337,0.182
Guzman, Ronald,2019,29.5,10.8,0.219,0.414,0.308,0.723,0.195,0.241,0.438,0.306,0.332,0.198
Walker, Neil,2018,21.9,10.6,0.219,0.354,0.309,0.664,0.135,0.252,0.438,0.292,0.339,0.187
Shaw, Travis,2020,27.8,8.9,0.239,0.411,0.306,0.717,0.172,0.242,0.439,0.305,0.31,0.196
Flores, Wilmer,2020,16.9,6.1,0.268,0.515,0.315,0.83,0.247,0.251,0.439,0.342,0.299,0.188
Castro, Starlin,2019,16.4,4.1,0.27,0.436,0.3,0.736,0.165,0.269,0.439,0.307,0.302,0.17
Stewart, Christin,2019,24.8,8.2,0.233,0.388,0.305,0.693,0.154,0.248,0.439,0.294,0.321,0.191
Beltre, Adrian,2018,20,7.1,0.273,0.434,0.328,0.763,0.162,0.268,0.439,0.327,0.328,0.171
Bellinger, Cody,2018,23.9,10.9,0.26,0.47,0.343,0.814,0.21,0.242,0.439,0.345,0.329,0.198
Merrifield, Whit,2020,12.5,4.5,0.282,0.44,0.325,0.764,0.157,0.292,0.44,0.324,0.334,0.148
Murphy, Tom,2019,31,6.8,0.273,0.535,0.324,0.858,0.262,0.22,0.44,0.355,0.276,0.22
Gordon, Alex,2018,21.8,8.8,0.245,0.37,0.324,0.694,0.125,0.26,0.44,0.305,0.338,0.18
Smoak, Justin,2018,26.3,14,0.242,0.457,0.35,0.808,0.216,0.226,0.44,0.349,0.337,0.215
Chapman, Matt,2018,23.7,9.4,0.278,0.508,0.356,0.864,0.23,0.26,0.44,0.369,0.341,0.18
Lindor, Francisco,2020,15.4,9,0.258,0.415,0.335,0.75,0.157,0.278,0.441,0.319,0.355,0.162
Guerrero Jr., Vladimir,2020,15.6,8.2,0.262,0.462,0.329,0.791,0.199,0.263,0.441,0.333,0.33,0.177
Contreras, Willson,2020,25.3,8.9,0.243,0.407,0.356,0.763,0.164,0.249,0.441,0.331,0.361,0.192
Schoop, Jonathan,2019,25,4.3,0.256,0.473,0.304,0.777,0.217,0.252,0.441,0.324,0.3,0.189
Buxton, Byron,2019,23.1,6.4,0.262,0.513,0.312,0.825,0.251,0.251,0.441,0.34,0.304,0.19
Thames, Eric,2019,30.5,11.1,0.247,0.505,0.346,0.851,0.258,0.228,0.442,0.354,0.33,0.215
Merrifield, Whit,2019,17.1,6.1,0.302,0.463,0.348,0.811,0.16,0.286,0.442,0.34,0.335,0.156
Slater, Austin,2019,30.7,11.5,0.238,0.417,0.333,0.75,0.179,0.233,0.442,0.32,0.329,0.21
Kingery, Scott,2019,29.4,6.8,0.258,0.474,0.314,0.788,0.216,0.251,0.442,0.329,0.31,0.19
Cabrera, Miguel,2019,19.7,8.7,0.282,0.398,0.346,0.744,0.116,0.272,0.443,0.318,0.34,0.171
Aguilar, Jesus,2019,22,11.7,0.236,0.389,0.322,0.711,0.153,0.246,0.443,0.307,0.337,0.197
Molina, Yadier,2018,13.1,5.8,0.261,0.436,0.314,0.75,0.174,0.271,0.443,0.323,0.325,0.172
Schwarber, Kyle,2020,29.5,13.4,0.188,0.393,0.308,0.701,0.204,0.225,0.444,0.302,0.34,0.219
Molina, Yadier,2019,12.8,5.1,0.27,0.399,0.312,0.711,0.129,0.273,0.444,0.303,0.319,0.171
Piscotty, Stephen,2019,21.4,7.4,0.249,0.412,0.308,0.72,0.162,0.254,0.444,0.306,0.316,0.19
Jones, JaCoby,2019,28.2,8.1,0.235,0.43,0.309,0.739,0.195,0.249,0.444,0.312,0.324,0.196
Diaz, Aledmys,2019,11.3,10.5,0.271,0.467,0.356,0.823,0.195,0.276,0.444,0.345,0.368,0.168
Gonzalez, Marwin,2019,21.2,6.7,0.264,0.414,0.322,0.736,0.151,0.267,0.445,0.313,0.326,0.178
Dixon, Brandon,2019,32.4,5,0.248,0.435,0.29,0.725,0.187,0.237,0.445,0.303,0.283,0.208
Bruce, Jay,2018,20.8,11.4,0.223,0.37,0.31,0.68,0.147,0.25,0.445,0.296,0.337,0.195
Diaz, Elias,2018,14.4,7.6,0.286,0.452,0.339,0.792,0.167,0.289,0.445,0.34,0.345,0.157
Healy, Ryon,2018,21.6,5.2,0.235,0.412,0.277,0.688,0.176,0.262,0.445,0.296,0.303,0.184
Mancini, Trey,2018,24.1,6.9,0.242,0.416,0.299,0.715,0.174,0.257,0.445,0.308,0.316,0.188
Davis, Khris,2019,27.4,8.8,0.22,0.387,0.293,0.679,0.166,0.236,0.446,0.289,0.311,0.21
Osuna, Jose,2019,16.8,6.3,0.264,0.456,0.309,0.765,0.192,0.27,0.446,0.32,0.319,0.176
Healy, Ryon,2019,21.4,7,0.237,0.456,0.289,0.744,0.219,0.246,0.446,0.308,0.308,0.201
Moran, Colin,2019,23.3,6,0.277,0.429,0.322,0.751,0.152,0.263,0.446,0.315,0.31,0.183
Adames, Willy,2019,26.2,7.9,0.254,0.418,0.315,0.733,0.164,0.254,0.446,0.313,0.317,0.192
Cabrera, Asdrubal,2018,20.1,6.9,0.262,0.458,0.316,0.774,0.196,0.256,0.446,0.332,0.311,0.19
Reyes, Franmil,2020,28.6,10,0.275,0.45,0.344,0.795,0.175,0.251,0.447,0.335,0.332,0.196
Martinez, J.D.,2020,24.9,9.3,0.213,0.389,0.291,0.68,0.175,0.231,0.447,0.285,0.307,0.216
Vazquez, Christian,2019,19.4,6.3,0.276,0.477,0.319,0.796,0.201,0.253,0.447,0.331,0.302,0.194
Vogelbach, Daniel,2019,26.7,16.5,0.208,0.439,0.341,0.78,0.232,0.229,0.447,0.333,0.36,0.218
Duda, Lucas,2018,27.8,7.6,0.241,0.418,0.313,0.731,0.177,0.241,0.447,0.316,0.314,0.206
Palka, Daniel,2018,34.1,6.7,0.24,0.484,0.294,0.778,0.245,0.228,0.447,0.329,0.283,0.219
Andujar, Miguel,2018,16,4.1,0.297,0.527,0.328,0.855,0.23,0.281,0.447,0.361,0.314,0.166
Flores, Wilmer,2019,10.9,5.3,0.317,0.487,0.361,0.848,0.17,0.292,0.448,0.359,0.338,0.157
Smith, Dominic,2019,22.3,9.6,0.282,0.525,0.355,0.881,0.243,0.248,0.448,0.368,0.325,0.2
DeJong, Paul,2019,22.4,9.3,0.233,0.444,0.318,0.762,0.211,0.239,0.448,0.322,0.326,0.209
Trumbo, Mark,2018,24.3,6.7,0.261,0.452,0.313,0.764,0.191,0.27,0.448,0.329,0.322,0.178
Pederson, Joc,2018,19.2,9,0.248,0.522,0.321,0.842,0.273,0.241,0.448,0.353,0.318,0.207
Mazara, Nomar,2018,21.6,7.5,0.258,0.436,0.317,0.753,0.178,0.264,0.448,0.324,0.325,0.184
Frazier, Clint,2020,27.5,15.6,0.267,0.511,0.394,0.905,0.244,0.247,0.449,0.382,0.377,0.202
Severino, Pedro,2019,21.4,8.5,0.249,0.42,0.32,0.739,0.17,0.269,0.449,0.316,0.341,0.18
Santana, Carlos,2020,16.9,18.4,0.199,0.35,0.349,0.699,0.15,0.253,0.45,0.311,0.395,0.197
Dietrich, Derek,2019,24.2,9.2,0.187,0.462,0.327,0.789,0.275,0.225,0.45,0.334,0.363,0.226
Caratini, Victor,2019,21.1,10.4,0.266,0.447,0.348,0.794,0.18,0.267,0.45,0.338,0.354,0.184
Edman, Tommy,2019,17.5,4.6,0.304,0.5,0.35,0.85,0.196,0.286,0.45,0.356,0.333,0.164
Morales, Kendrys,2019,12.9,12.9,0.194,0.253,0.313,0.566,0.059,0.276,0.451,0.264,0.386,0.175
Votto, Joey,2019,20.2,12.5,0.261,0.411,0.357,0.768,0.15,0.261,0.451,0.332,0.36,0.19
Perez, Roberto,2019,28.3,10,0.239,0.452,0.316,0.769,0.213,0.224,0.451,0.326,0.31,0.226
Calhoun, Willie,2019,15.7,6.8,0.269,0.524,0.323,0.848,0.256,0.262,0.451,0.351,0.32,0.19
Blackmon, Charlie,2018,19.3,8.5,0.291,0.502,0.358,0.859,0.211,0.28,0.451,0.368,0.35,0.171
Alonso, Yonder,2018,21.4,8.9,0.25,0.421,0.317,0.738,0.171,0.258,0.451,0.319,0.326,0.193
Thames, Eric,2018,34.9,10.4,0.219,0.478,0.306,0.783,0.259,0.211,0.451,0.33,0.299,0.24
Bryant, Kris,2018,23.4,10.5,0.272,0.46,0.374,0.834,0.188,0.254,0.451,0.359,0.361,0.197
Bote, David,2018,28.6,9,0.239,0.408,0.319,0.727,0.168,0.255,0.451,0.314,0.341,0.197
McCann, James,2019,28.8,6.3,0.273,0.46,0.328,0.788,0.187,0.259,0.452,0.333,0.315,0.193
Haniger, Mitch,2019,28.6,10.6,0.22,0.463,0.314,0.778,0.244,0.225,0.452,0.326,0.323,0.227
Myers, Wil,2018,27.4,8.7,0.253,0.446,0.318,0.763,0.192,0.278,0.452,0.328,0.341,0.175
DeJong, Paul,2018,25.1,7.3,0.241,0.433,0.312,0.746,0.193,0.236,0.452,0.321,0.311,0.215
Austin, Tyler,2019,37.4,13.4,0.188,0.409,0.296,0.705,0.221,0.197,0.453,0.298,0.305,0.256
Winker, Jesse,2019,15.6,9.9,0.269,0.473,0.357,0.83,0.204,0.284,0.453,0.353,0.372,0.169
Ramos, Wilson,2018,19.2,7.7,0.306,0.487,0.358,0.845,0.181,0.267,0.453,0.362,0.324,0.187
Walker, Christian,2020,20.6,7.8,0.271,0.459,0.333,0.792,0.188,0.266,0.454,0.333,0.332,0.187
Joyce, Matt,2019,18.9,16,0.295,0.45,0.408,0.858,0.155,0.276,0.454,0.372,0.392,0.179
Pinder, Chad,2019,23.8,5.4,0.24,0.416,0.289,0.706,0.176,0.258,0.454,0.298,0.309,0.196
Pujols, Albert,2018,13.1,5.6,0.245,0.411,0.289,0.7,0.166,0.269,0.454,0.299,0.313,0.184
McCutchen, Andrew,2018,21.3,13.9,0.255,0.424,0.368,0.792,0.169,0.266,0.454,0.347,0.378,0.189
Polanco, Gregory,2018,21.9,11.4,0.254,0.499,0.338,0.837,0.245,0.248,0.454,0.353,0.339,0.206
Story, Trevor,2020,24.3,9.3,0.289,0.519,0.355,0.874,0.23,0.253,0.455,0.364,0.322,0.202
Heyward, Jason,2020,20.4,16.6,0.265,0.456,0.392,0.848,0.19,0.288,0.455,0.362,0.413,0.167
Olson, Matt,2020,31.4,13.9,0.195,0.424,0.31,0.734,0.229,0.224,0.455,0.311,0.336,0.231
Renfroe, Hunter,2019,31.2,9.3,0.216,0.489,0.289,0.778,0.273,0.221,0.455,0.32,0.295,0.234
Hernandez, Teoscar,2019,33,9.7,0.23,0.472,0.306,0.778,0.242,0.22,0.455,0.325,0.298,0.235
Mauer, Joe,2018,15.8,9.4,0.282,0.379,0.35,0.729,0.097,0.298,0.455,0.319,0.367,0.157
Grandal, Yasmani,2018,23.9,13.9,0.241,0.466,0.349,0.815,0.225,0.228,0.455,0.352,0.34,0.227
Reyes, Franmil,2018,28.1,8.4,0.28,0.498,0.34,0.838,0.218,0.255,0.455,0.36,0.317,0.2
Aguilar, Jesus,2020,18.5,10.6,0.277,0.457,0.352,0.809,0.181,0.273,0.456,0.342,0.35,0.183
Cano, Robinson,2019,16.3,5.9,0.256,0.428,0.307,0.736,0.172,0.283,0.456,0.309,0.332,0.173
McCutchen, Andrew,2019,21,16.4,0.256,0.457,0.378,0.834,0.201,0.259,0.456,0.358,0.38,0.197
Canha, Mark,2018,21.4,8.3,0.249,0.449,0.328,0.778,0.2,0.253,0.456,0.334,0.334,0.202
Calhoun, Kole,2018,24.1,9.6,0.208,0.369,0.283,0.651,0.161,0.25,0.456,0.283,0.322,0.206
Mercer, Jordy,2019,21,4.8,0.27,0.438,0.31,0.747,0.168,0.267,0.457,0.313,0.308,0.19
Smith, Will,2019,26.5,9.2,0.253,0.571,0.337,0.907,0.318,0.225,0.457,0.369,0.315,0.232
d'Arnaud, Travis,2019,21.7,8.2,0.251,0.433,0.312,0.745,0.182,0.264,0.458,0.314,0.329,0.195
Castillo, Welington,2018,25.4,5,0.259,0.406,0.304,0.71,0.147,0.246,0.458,0.309,0.292,0.212
Tucker, Kyle,2020,20.2,7.9,0.268,0.512,0.325,0.837,0.244,0.267,0.459,0.343,0.323,0.192
Zimmerman, Ryan,2019,20.5,8.9,0.257,0.415,0.321,0.736,0.158,0.252,0.459,0.313,0.32,0.207
Williams, Nick,2018,24.8,7.1,0.256,0.425,0.324,0.749,0.17,0.276,0.459,0.325,0.343,0.183
Alfaro, Jorge,2019,33.1,4.7,0.262,0.425,0.312,0.736,0.162,0.251,0.46,0.312,0.303,0.209
Brantley, Michael,2018,9.5,7.6,0.309,0.468,0.363,0.831,0.16,0.309,0.46,0.359,0.368,0.151
Gomes, Yan,2018,27.4,4.8,0.266,0.449,0.313,0.762,0.184,0.252,0.46,0.326,0.302,0.207
Anderson, Brian,2019,21.9,8.5,0.261,0.468,0.342,0.811,0.207,0.258,0.461,0.342,0.341,0.203
Puig, Yasiel,2019,21.8,7.2,0.267,0.458,0.327,0.785,0.191,0.262,0.461,0.33,0.324,0.199
Riley, Austin,2019,36.4,5.4,0.226,0.471,0.279,0.75,0.245,0.225,0.461,0.307,0.281,0.236
Lowe, Nate,2019,29.6,7.7,0.263,0.454,0.325,0.779,0.191,0.26,0.461,0.326,0.323,0.201
Murphy, Daniel,2018,11.4,5.7,0.299,0.454,0.336,0.79,0.155,0.304,0.461,0.338,0.342,0.157
Altuve, Jose,2018,13.2,9.2,0.316,0.451,0.384,0.835,0.135,0.291,0.461,0.364,0.364,0.17
Dickerson, Corey,2018,15,3.9,0.3,0.474,0.33,0.804,0.175,0.292,0.461,0.341,0.325,0.169
Schebler, Scott,2018,23,9.1,0.255,0.439,0.337,0.777,0.184,0.263,0.461,0.337,0.347,0.198
Winker, Jesse,2018,13.8,14.7,0.299,0.431,0.404,0.835,0.132,0.279,0.461,0.366,0.39,0.183
Benintendi, Andrew,2018,16,10.7,0.29,0.465,0.365,0.829,0.174,0.286,0.461,0.357,0.363,0.175
Gurriel Jr., Lourdes,2018,22.4,3.4,0.281,0.446,0.308,0.754,0.165,0.276,0.461,0.322,0.306,0.185
LeMahieu, DJ,2020,9.7,8.3,0.364,0.59,0.421,1.011,0.226,0.315,0.462,0.422,0.378,0.148
Turner, Trea,2019,19.9,7.6,0.298,0.497,0.353,0.85,0.2,0.283,0.462,0.356,0.341,0.179
Cabrera, Miguel,2018,17.2,14,0.299,0.448,0.395,0.843,0.149,0.316,0.462,0.363,0.412,0.145
Soler, Jorge,2018,26.8,10.9,0.265,0.466,0.354,0.82,0.202,0.247,0.462,0.354,0.343,0.215
Valaika, Pat,2020,22.7,5.3,0.277,0.475,0.313,0.789,0.199,0.264,0.463,0.332,0.304,0.199
Nola, Austin,2020,18.5,9.8,0.273,0.472,0.353,0.825,0.199,0.279,0.463,0.347,0.361,0.184
Solano, Donovan,2019,21.5,4.4,0.33,0.456,0.36,0.815,0.126,0.321,0.463,0.346,0.353,0.142
Maybin, Cameron,2019,26.8,11.2,0.285,0.494,0.364,0.858,0.209,0.257,0.463,0.363,0.34,0.206
Smith, Kevan,2019,17.5,7.6,0.251,0.393,0.318,0.71,0.141,0.296,0.463,0.306,0.359,0.167
Verdugo, Alex,2019,13,6.9,0.294,0.475,0.342,0.817,0.181,0.293,0.463,0.341,0.342,0.171
Marte, Starling,2018,18,5.8,0.277,0.46,0.327,0.786,0.182,0.27,0.463,0.337,0.322,0.194
Springer, George,2018,19.7,10.3,0.265,0.434,0.344,0.777,0.169,0.255,0.463,0.34,0.338,0.208
Dahl, David,2018,25.1,7,0.273,0.534,0.325,0.859,0.261,0.264,0.463,0.358,0.317,0.2
Hoskins, Rhys,2018,22.7,13.2,0.246,0.496,0.353,0.849,0.251,0.234,0.463,0.364,0.347,0.229
Moore, Dylan,2020,27,8.8,0.255,0.496,0.358,0.855,0.241,0.251,0.464,0.362,0.355,0.213
Bohm, Alec,2020,20,8.9,0.338,0.481,0.4,0.881,0.144,0.286,0.464,0.375,0.355,0.178
Santander, Anthony,2019,21.2,4.7,0.261,0.476,0.296,0.773,0.216,0.264,0.464,0.321,0.3,0.201
Devers, Rafael,2020,27,5.2,0.263,0.483,0.31,0.793,0.22,0.259,0.465,0.331,0.307,0.207
Belt, Brandon,2019,20.6,13.5,0.234,0.403,0.339,0.742,0.169,0.244,0.465,0.319,0.351,0.221
Kepler, Max,2019,16.6,10.1,0.252,0.519,0.336,0.855,0.267,0.264,0.465,0.355,0.347,0.202
Bregman, Alex,2019,12,17.2,0.296,0.592,0.423,1.015,0.296,0.272,0.465,0.418,0.409,0.193
Shaw, Travis,2018,18.4,13.3,0.241,0.48,0.344,0.824,0.239,0.246,0.465,0.351,0.351,0.22
Alonso, Pete,2020,25.5,10,0.231,0.49,0.326,0.817,0.26,0.227,0.466,0.336,0.324,0.239
Robert, Luis,2020,32.2,8.8,0.233,0.436,0.3,0.735,0.203,0.226,0.466,0.311,0.3,0.24
Moustakas, Mike,2018,16.2,7.7,0.251,0.459,0.315,0.774,0.208,0.26,0.466,0.329,0.324,0.206
Garcia, Avisail,2018,26.5,5.2,0.236,0.438,0.281,0.719,0.202,0.251,0.466,0.304,0.299,0.216
Renfroe, Hunter,2018,24.7,6.8,0.248,0.504,0.302,0.805,0.256,0.244,0.466,0.338,0.299,0.222
Sanchez, Gary,2018,25.1,12.3,0.186,0.406,0.291,0.697,0.22,0.22,0.466,0.304,0.323,0.246
Suzuki, Kurt,2019,11.7,6.5,0.264,0.486,0.324,0.809,0.221,0.283,0.467,0.337,0.343,0.184
Pollock, AJ,2019,21.6,6.7,0.266,0.468,0.327,0.795,0.201,0.268,0.467,0.333,0.332,0.2
Lindor, Francisco,2019,15,7,0.284,0.518,0.335,0.853,0.234,0.276,0.467,0.349,0.33,0.191
Ramirez, Jose,2019,13.7,9.6,0.255,0.479,0.327,0.806,0.224,0.272,0.467,0.335,0.345,0.195
Seager, Corey,2019,18.1,8.1,0.272,0.483,0.335,0.817,0.211,0.261,0.468,0.34,0.325,0.207
Frazier, Clint,2019,28.5,6.5,0.267,0.489,0.317,0.806,0.222,0.249,0.468,0.333,0.303,0.22
Valencia, Danny,2018,18.8,7.8,0.263,0.408,0.316,0.723,0.145,0.286,0.468,0.31,0.344,0.182
Bradley Jr., Jackie,2018,25.6,8.6,0.234,0.403,0.314,0.717,0.169,0.264,0.468,0.31,0.341,0.204
Grichuk, Randal,2020,21.2,5.6,0.273,0.481,0.312,0.793,0.208,0.27,0.469,0.329,0.313,0.199
Candelario, Jeimer,2020,23.8,9.7,0.297,0.503,0.369,0.872,0.205,0.277,0.469,0.367,0.351,0.192
Bryant, Kris,2019,22.9,11.7,0.282,0.521,0.382,0.903,0.239,0.251,0.469,0.38,0.356,0.218
Torres, Gleyber,2018,25.2,8.7,0.271,0.48,0.339,0.819,0.209,0.257,0.469,0.349,0.329,0.212
Happ, Ian,2020,27.3,13,0.258,0.505,0.359,0.864,0.247,0.262,0.47,0.363,0.365,0.208
Benintendi, Andrew,2019,22.8,9.6,0.266,0.431,0.341,0.772,0.165,0.269,0.47,0.33,0.346,0.201
Diaz, Aledmys,2018,13.7,5.1,0.263,0.453,0.303,0.756,0.19,0.28,0.47,0.321,0.321,0.19
Laureano, Ramon,2018,28.4,9.1,0.288,0.474,0.358,0.832,0.186,0.26,0.47,0.358,0.335,0.21
Rendon, Anthony,2020,13.4,16.4,0.286,0.497,0.418,0.915,0.212,0.288,0.471,0.389,0.42,0.183
Riley, Austin,2020,23.8,7.8,0.239,0.415,0.301,0.716,0.176,0.262,0.471,0.302,0.322,0.209
Swanson, Dansby,2020,26.9,8.3,0.274,0.464,0.345,0.809,0.19,0.266,0.471,0.343,0.34,0.205
Odor, Rougned,2019,30.6,9,0.205,0.439,0.282,0.721,0.234,0.223,0.471,0.302,0.301,0.248
Story, Trevor,2019,26.5,8.8,0.294,0.554,0.363,0.917,0.26,0.265,0.471,0.38,0.338,0.206
Anderson, Tim,2019,21,2.9,0.335,0.508,0.357,0.865,0.173,0.296,0.471,0.363,0.32,0.175
Choo, Shin-Soo,2018,23.5,13.8,0.264,0.434,0.376,0.81,0.17,0.253,0.471,0.356,0.368,0.217
Choi, Ji-Man,2018,24.9,11.8,0.263,0.505,0.357,0.863,0.242,0.242,0.471,0.367,0.344,0.229
Bogaerts, Xander,2020,18.2,9.3,0.3,0.502,0.364,0.867,0.202,0.259,0.472,0.362,0.327,0.213
Cooper, Garrett,2019,26.1,7.8,0.281,0.446,0.344,0.791,0.165,0.271,0.472,0.337,0.337,0.202
Adams, Matt,2018,21.7,8,0.239,0.477,0.309,0.786,0.239,0.24,0.472,0.334,0.31,0.232
Seager, Kyle,2020,13.3,12.9,0.241,0.433,0.355,0.788,0.192,0.253,0.473,0.333,0.372,0.219
Escobar, Eduardo,2019,18.6,7.2,0.269,0.511,0.32,0.831,0.242,0.259,0.473,0.341,0.315,0.215
Pham, Tommy,2019,18.8,12.4,0.273,0.45,0.369,0.818,0.176,0.282,0.473,0.349,0.377,0.191
Kelly, Carson,2019,21.6,13.2,0.245,0.478,0.348,0.826,0.232,0.251,0.473,0.339,0.353,0.222
Hicks, Aaron,2018,19.1,15.5,0.248,0.467,0.365,0.832,0.219,0.265,0.473,0.36,0.384,0.208
Schwarber, Kyle,2018,27.5,15.3,0.238,0.467,0.355,0.822,0.229,0.245,0.473,0.343,0.362,0.228
Machado, Manny,2019,19.4,9.8,0.256,0.462,0.334,0.796,0.206,0.267,0.474,0.335,0.346,0.207
Nunez, Renato,2019,23.9,7.3,0.244,0.46,0.311,0.771,0.216,0.256,0.474,0.323,0.322,0.218
Rizzo, Anthony,2018,12,10.5,0.283,0.47,0.376,0.846,0.187,0.293,0.474,0.359,0.387,0.181
Pollock, AJ,2018,21.7,6.7,0.257,0.484,0.315,0.799,0.228,0.257,0.474,0.338,0.318,0.217
Suarez, Eugenio,2020,29,13,0.202,0.47,0.312,0.781,0.268,0.218,0.475,0.326,0.326,0.258
Conforto, Michael,2020,24.5,10.3,0.322,0.515,0.412,0.927,0.193,0.284,0.475,0.395,0.379,0.192
Martinez, Jose,2019,22,9.4,0.269,0.41,0.34,0.751,0.141,0.275,0.475,0.323,0.347,0.199
Upton, Justin,2018,28.7,10.4,0.257,0.463,0.344,0.808,0.206,0.257,0.475,0.348,0.348,0.219
Morrison, Logan,2018,22.3,9.5,0.186,0.368,0.276,0.644,0.182,0.241,0.475,0.283,0.329,0.234
Yelich, Christian,2020,30.8,18.6,0.205,0.43,0.356,0.786,0.225,0.25,0.476,0.337,0.394,0.226
Luplow, Jordan,2019,23.4,12.6,0.276,0.551,0.372,0.923,0.276,0.248,0.476,0.383,0.35,0.228
Stanton, Giancarlo,2018,29.9,9.9,0.266,0.509,0.343,0.852,0.243,0.246,0.476,0.36,0.329,0.229
Arenado, Nolan,2018,18.1,10.8,0.297,0.561,0.373,0.934,0.264,0.267,0.476,0.391,0.35,0.21
Tellez, Rowdy,2019,28.4,7.1,0.227,0.449,0.293,0.742,0.222,0.251,0.477,0.308,0.317,0.226
Moreland, Mitch,2020,21.1,9.9,0.265,0.551,0.342,0.894,0.287,0.237,0.478,0.366,0.318,0.241
Naquin, Tyler,2019,22.4,4.8,0.288,0.467,0.323,0.79,0.179,0.277,0.478,0.33,0.315,0.201
Canha, Mark,2019,21.5,13.5,0.273,0.517,0.396,0.913,0.244,0.25,0.478,0.386,0.378,0.229
Polanco, Jorge,2019,16.5,8.5,0.295,0.485,0.355,0.84,0.19,0.277,0.478,0.352,0.343,0.201
McNeil, Jeff,2019,13.2,6.2,0.318,0.531,0.384,0.916,0.214,0.291,0.478,0.385,0.362,0.187
Calhoun, Kole,2019,25.6,11.1,0.232,0.467,0.324,0.792,0.236,0.245,0.479,0.33,0.338,0.234
Moran, Colin,2020,26,9.5,0.247,0.472,0.325,0.797,0.225,0.255,0.48,0.335,0.334,0.224
Choo, Shin-Soo,2019,25,11.8,0.265,0.455,0.371,0.826,0.19,0.266,0.48,0.353,0.373,0.214
Realmuto, J.T.,2019,20.7,6.9,0.275,0.493,0.327,0.82,0.217,0.281,0.48,0.34,0.339,0.2
Dozier, Hunter,2019,25.3,9.4,0.279,0.522,0.348,0.87,0.243,0.265,0.48,0.36,0.336,0.215
Peralta, David,2018,20.2,7.8,0.293,0.516,0.352,0.868,0.223,0.282,0.48,0.368,0.344,0.197
Ramirez, Jose,2018,11.5,15.2,0.27,0.552,0.387,0.939,0.282,0.267,0.48,0.392,0.387,0.213
Bregman, Alex,2018,12.1,13.6,0.286,0.532,0.394,0.926,0.246,0.276,0.48,0.396,0.387,0.204
O'Hearn, Ryan,2018,26.5,11.8,0.262,0.597,0.353,0.95,0.336,0.239,0.48,0.398,0.333,0.241
Taylor, Chris,2020,25.7,12.1,0.27,0.476,0.364,0.84,0.205,0.268,0.481,0.358,0.365,0.213
Muncy, Max,2020,24.2,15.7,0.192,0.389,0.331,0.72,0.197,0.235,0.481,0.311,0.367,0.246
Grisham, Trent,2020,25.4,12.3,0.251,0.456,0.349,0.805,0.205,0.263,0.481,0.344,0.364,0.218
Desmond, Ian,2019,24.7,7.1,0.255,0.479,0.309,0.788,0.223,0.273,0.481,0.328,0.327,0.208
Contreras, Willson,2019,24.9,9.3,0.272,0.533,0.355,0.888,0.261,0.248,0.481,0.368,0.335,0.233
Pederson, Joc,2019,21.6,9.7,0.249,0.538,0.339,0.876,0.289,0.252,0.481,0.362,0.342,0.23
Bichette, Bo,2019,23.6,6.6,0.311,0.571,0.358,0.93,0.26,0.274,0.481,0.384,0.325,0.207
Puig, Yasiel,2018,19.6,8.1,0.267,0.494,0.327,0.82,0.227,0.28,0.481,0.35,0.341,0.201
Sano, Miguel,2020,43.9,8.8,0.204,0.478,0.278,0.757,0.274,0.215,0.482,0.312,0.288,0.267
Braun, Ryan,2019,20.7,6.7,0.285,0.505,0.341,0.846,0.22,0.271,0.482,0.354,0.331,0.212
Grandal, Yasmani,2019,22,17.2,0.246,0.468,0.38,0.848,0.222,0.243,0.482,0.361,0.38,0.239
Miller, Brad,2020,26.9,14.6,0.232,0.451,0.357,0.807,0.218,0.253,0.483,0.343,0.378,0.23
Votto, Joey,2020,19.3,16.6,0.226,0.446,0.354,0.8,0.22,0.254,0.484,0.342,0.378,0.229
Sandoval, Pablo,2019,22.6,6.1,0.268,0.507,0.311,0.818,0.239,0.275,0.484,0.336,0.322,0.21
Adams, Matt,2019,34.5,6,0.226,0.465,0.276,0.741,0.239,0.23,0.484,0.306,0.283,0.255
Bogaerts, Xander,2019,17.5,10.9,0.309,0.555,0.384,0.939,0.246,0.278,0.484,0.39,0.359,0.206
Votto, Joey,2018,16.2,17.3,0.284,0.419,0.417,0.837,0.135,0.288,0.484,0.37,0.422,0.196
France, Ty,2020,23.9,7.1,0.305,0.468,0.368,0.836,0.163,0.288,0.485,0.356,0.353,0.196
McCutchen, Andrew,2020,19.9,9.1,0.253,0.433,0.324,0.757,0.18,0.277,0.485,0.322,0.347,0.207
Brantley, Michael,2019,10.4,8,0.311,0.503,0.372,0.875,0.191,0.301,0.485,0.367,0.366,0.184
Freese, David,2018,23.1,7.7,0.296,0.471,0.359,0.83,0.175,0.285,0.485,0.357,0.353,0.201
Cron, C.J.,2018,25.9,6.6,0.253,0.493,0.323,0.816,0.24,0.251,0.485,0.347,0.322,0.234
Gurriel Jr., Lourdes,2020,21.4,6.3,0.308,0.534,0.348,0.882,0.226,0.281,0.486,0.366,0.324,0.206
Dickerson, Alex,2019,22.1,6.8,0.276,0.489,0.332,0.82,0.213,0.275,0.486,0.341,0.335,0.211
Mazara, Nomar,2019,23,6,0.268,0.469,0.318,0.786,0.2,0.269,0.486,0.327,0.322,0.217
Encarnacion, Edwin,2018,22.8,10.9,0.246,0.474,0.335,0.809,0.228,0.247,0.486,0.346,0.343,0.238
Perez, Salvador,2018,19.9,3.1,0.235,0.439,0.274,0.713,0.204,0.262,0.486,0.304,0.301,0.225
Realmuto, J.T.,2018,19.6,7.2,0.277,0.484,0.339,0.823,0.208,0.278,0.486,0.353,0.344,0.207
Betts, Mookie,2020,15.4,9.8,0.292,0.562,0.366,0.927,0.269,0.285,0.487,0.383,0.36,0.203
Cano, Robinson,2020,13.2,4.9,0.316,0.544,0.352,0.896,0.228,0.301,0.487,0.37,0.341,0.186
Dahl, David,2019,26.6,6.8,0.302,0.524,0.351,0.875,0.222,0.267,0.487,0.364,0.324,0.219
Reynolds, Bryan,2019,22.2,8.4,0.314,0.503,0.377,0.88,0.189,0.3,0.487,0.371,0.367,0.187
Soto, Juan,2018,20,16,0.292,0.517,0.405,0.922,0.225,0.265,0.487,0.392,0.384,0.223
Cave, Jake,2019,31.1,9.2,0.258,0.455,0.351,0.805,0.197,0.265,0.488,0.343,0.359,0.223
Belt, Brandon,2018,23.5,10.7,0.253,0.414,0.342,0.756,0.16,0.256,0.488,0.327,0.345,0.233
Moreland, Mitch,2018,22.2,10.9,0.245,0.433,0.325,0.758,0.188,0.254,0.488,0.325,0.337,0.234
Mondesi, Adalberto,2018,26.5,3.8,0.276,0.498,0.302,0.801,0.222,0.26,0.488,0.341,0.293,0.228
Arenado, Nolan,2019,14,9.4,0.315,0.583,0.379,0.962,0.269,0.274,0.489,0.392,0.345,0.215
Dickerson, Corey,2019,20.1,5.7,0.304,0.565,0.341,0.906,0.262,0.272,0.489,0.368,0.313,0.218
Grichuk, Randal,2018,26.4,5.8,0.245,0.502,0.301,0.803,0.257,0.246,0.489,0.34,0.303,0.243
Austin, Tyler,2018,35.4,7.1,0.23,0.48,0.287,0.767,0.25,0.233,0.489,0.325,0.292,0.256
Soler, Jorge,2020,34.5,10.9,0.228,0.443,0.322,0.765,0.215,0.244,0.49,0.327,0.339,0.247
Santana, Domingo,2019,32.3,9.9,0.253,0.441,0.327,0.769,0.188,0.254,0.49,0.326,0.332,0.236
Swanson, Dansby,2019,22.8,9.4,0.251,0.422,0.325,0.747,0.172,0.275,0.49,0.317,0.35,0.215
Santana, Carlos,2019,15.7,15.7,0.281,0.515,0.397,0.911,0.234,0.271,0.491,0.38,0.388,0.221
Ohtani, Shohei,2019,25.9,7.8,0.286,0.505,0.341,0.846,0.219,0.281,0.491,0.352,0.34,0.21
Cave, Jake,2018,33,5.8,0.265,0.473,0.311,0.784,0.208,0.261,0.491,0.333,0.313,0.23
Laureano, Ramon,2019,25.6,5.6,0.288,0.521,0.339,0.86,0.233,0.274,0.493,0.356,0.33,0.219
Urshela, Gio,2020,14.4,10.3,0.298,0.49,0.368,0.858,0.192,0.315,0.494,0.359,0.387,0.179
Vogt, Stephen,2019,23.6,7.1,0.263,0.49,0.314,0.804,0.227,0.256,0.494,0.331,0.31,0.237
Seager, Kyle,2019,19.4,9.9,0.239,0.468,0.321,0.789,0.229,0.264,0.494,0.332,0.344,0.229
La Stella, Tommy,2019,8.7,6.2,0.295,0.486,0.34,0.826,0.192,0.301,0.494,0.351,0.352,0.193
Piscotty, Stephen,2018,18.8,6.9,0.267,0.491,0.331,0.821,0.223,0.269,0.494,0.351,0.333,0.225
Tatis Jr., Fernando,2019,29.6,8.1,0.317,0.59,0.379,0.969,0.272,0.257,0.495,0.398,0.328,0.238
Yastrzemski, Mike,2020,24.4,13.3,0.297,0.568,0.4,0.968,0.271,0.255,0.496,0.4,0.364,0.241
Voit, Luke,2019,27.8,13.9,0.263,0.464,0.378,0.842,0.2,0.249,0.496,0.36,0.368,0.247
Bellinger, Cody,2020,17.3,12.3,0.239,0.455,0.333,0.789,0.216,0.284,0.497,0.332,0.374,0.213
Albies, Ozzie,2019,16,7.7,0.295,0.5,0.352,0.852,0.205,0.292,0.497,0.354,0.35,0.205
Diaz, Yandy,2019,17.6,10.1,0.267,0.476,0.34,0.816,0.208,0.283,0.497,0.342,0.357,0.213
Martin, Leonys,2018,21.8,8.5,0.255,0.425,0.323,0.747,0.17,0.267,0.497,0.323,0.339,0.231
Olson, Matt,2018,24.7,10.6,0.247,0.453,0.335,0.788,0.207,0.252,0.497,0.34,0.34,0.246
Rizzo, Anthony,2019,14,11.6,0.293,0.52,0.405,0.924,0.227,0.301,0.498,0.39,0.415,0.197
Aguilar, Jesus,2018,25.3,10.2,0.274,0.539,0.352,0.89,0.264,0.256,0.498,0.374,0.341,0.241
Abreu, Jose,2018,19.7,6.7,0.265,0.473,0.325,0.798,0.208,0.281,0.498,0.337,0.344,0.218
Realmuto, J.T.,2020,24.6,8.2,0.266,0.491,0.349,0.84,0.225,0.248,0.499,0.355,0.333,0.251
Altuve, Jose,2019,15,7.5,0.298,0.55,0.352,0.902,0.252,0.277,0.499,0.374,0.337,0.222
Iglesias, Jose,2020,11.3,2,0.373,0.556,0.4,0.956,0.183,0.358,0.5,0.401,0.387,0.143
Dickerson, Alex,2020,17.6,9.4,0.298,0.576,0.371,0.947,0.278,0.272,0.5,0.39,0.349,0.228
Choi, Ji-Man,2019,22.2,13.1,0.261,0.459,0.363,0.822,0.198,0.264,0.5,0.348,0.369,0.236
Ford, Mike,2019,17.2,10.4,0.259,0.559,0.35,0.909,0.301,0.286,0.501,0.372,0.374,0.215
Torres, Gleyber,2019,21.4,7.9,0.278,0.535,0.336,0.871,0.256,0.262,0.501,0.359,0.324,0.239
Pollock, AJ,2020,21.4,5.7,0.276,0.566,0.314,0.881,0.291,0.274,0.502,0.358,0.317,0.228
Smoak, Justin,2019,21.2,15.8,0.208,0.406,0.342,0.748,0.198,0.251,0.502,0.323,0.378,0.25
Moreland, Mitch,2019,22.1,10.1,0.252,0.507,0.328,0.835,0.255,0.257,0.502,0.347,0.336,0.245
Garcia, Avisail,2019,23.6,5.8,0.282,0.464,0.332,0.796,0.182,0.278,0.502,0.334,0.33,0.224
Santana, Danny,2019,29.5,4.9,0.283,0.534,0.323,0.857,0.251,0.276,0.502,0.352,0.319,0.226
Turner, Justin,2018,12.7,11,0.312,0.518,0.406,0.924,0.205,0.298,0.502,0.396,0.396,0.204
Ozuna, Marcell,2018,17.5,6.1,0.28,0.433,0.325,0.758,0.153,0.288,0.502,0.327,0.335,0.213
Semien, Marcus,2019,13.7,11.6,0.285,0.522,0.369,0.892,0.237,0.275,0.503,0.373,0.362,0.228
Longoria, Evan,2019,22,8.5,0.254,0.437,0.325,0.762,0.183,0.276,0.504,0.322,0.345,0.228
Urshela, Gio,2019,18.3,5.3,0.314,0.534,0.355,0.889,0.219,0.289,0.504,0.369,0.333,0.216
Cordero, Franchy,2018,35.7,9.1,0.237,0.439,0.305,0.744,0.201,0.263,0.504,0.322,0.332,0.241
Bogaerts, Xander,2018,17.6,9.5,0.288,0.522,0.36,0.883,0.234,0.285,0.505,0.374,0.359,0.221
Pence, Hunter,2019,21.8,8.2,0.297,0.552,0.358,0.91,0.255,0.281,0.506,0.377,0.344,0.225
Rosario, Eddie,2019,14.6,3.7,0.276,0.5,0.3,0.8,0.224,0.268,0.506,0.329,0.296,0.238
Hernandez, Teoscar,2018,31.2,7.8,0.239,0.468,0.302,0.771,0.229,0.238,0.506,0.328,0.303,0.267
Chapman, Matt,2019,21.9,10.9,0.249,0.506,0.342,0.848,0.257,0.255,0.507,0.354,0.349,0.252
Haniger, Mitch,2018,21.7,10.2,0.285,0.493,0.366,0.859,0.208,0.282,0.507,0.367,0.366,0.226
Aquino, Aristides,2019,26.7,7.1,0.259,0.576,0.316,0.891,0.317,0.251,0.508,0.36,0.31,0.257
Lowe, Brandon,2019,34.6,7.6,0.27,0.514,0.336,0.85,0.243,0.239,0.508,0.354,0.311,0.269
Baez, Javier,2018,25.9,4.5,0.29,0.554,0.326,0.88,0.264,0.272,0.508,0.366,0.311,0.237
Anderson, Tim,2020,22.6,4.5,0.322,0.529,0.357,0.886,0.207,0.293,0.509,0.37,0.331,0.216
Avila, Alex,2019,33.8,17.9,0.207,0.421,0.353,0.774,0.213,0.232,0.509,0.323,0.373,0.277
Moustakas, Mike,2019,16.8,9.1,0.254,0.516,0.329,0.845,0.262,0.263,0.509,0.348,0.338,0.246
Suarez, Eugenio,2019,28.5,10.6,0.271,0.572,0.358,0.93,0.301,0.251,0.509,0.381,0.344,0.258
Santander, Anthony,2020,15.2,6.1,0.261,0.575,0.315,0.89,0.314,0.286,0.51,0.358,0.338,0.225
Ramirez, Jose,2020,16.9,12.2,0.292,0.607,0.386,0.993,0.315,0.265,0.51,0.408,0.363,0.246
Baez, Javier,2019,27.8,5,0.281,0.531,0.316,0.847,0.25,0.269,0.51,0.347,0.305,0.241
Mancini, Trey,2019,21.1,9.3,0.291,0.535,0.364,0.899,0.244,0.279,0.51,0.373,0.355,0.231
Gurriel Jr., Lourdes,2019,25.1,5.8,0.277,0.541,0.327,0.868,0.264,0.253,0.51,0.358,0.308,0.257
Hoskins, Rhys,2020,23.2,15.7,0.245,0.503,0.384,0.887,0.258,0.238,0.512,0.376,0.379,0.274
Goldschmidt, Paul,2020,18.6,16,0.304,0.466,0.416,0.882,0.162,0.287,0.513,0.381,0.404,0.226
Conforto, Michael,2019,23,13,0.257,0.494,0.363,0.856,0.237,0.266,0.513,0.358,0.373,0.247
Happ, Ian,2019,25,9.6,0.264,0.564,0.333,0.898,0.3,0.24,0.513,0.368,0.313,0.273
Cano, Robinson,2018,13.5,9.2,0.303,0.471,0.374,0.845,0.168,0.31,0.513,0.364,0.38,0.203
Story, Trevor,2018,25.6,7.2,0.291,0.567,0.348,0.914,0.276,0.265,0.513,0.384,0.326,0.248
Pham, Tommy,2018,24.6,11.8,0.275,0.464,0.367,0.83,0.188,0.293,0.514,0.359,0.382,0.221
Duvall, Adam,2020,25.8,7.2,0.237,0.532,0.301,0.833,0.295,0.227,0.515,0.342,0.293,0.287
Marte, Starling,2019,16,4.3,0.295,0.503,0.341,0.844,0.208,0.303,0.516,0.353,0.352,0.213
Zimmerman, Ryan,2018,17,9.3,0.264,0.486,0.337,0.824,0.222,0.275,0.516,0.351,0.351,0.241
Pinder, Chad,2018,26.4,8.1,0.258,0.436,0.33,0.767,0.178,0.268,0.516,0.334,0.342,0.248
Goldschmidt, Paul,2019,24.3,11.4,0.26,0.476,0.345,0.82,0.216,0.261,0.517,0.346,0.348,0.257
Miller, Brad,2019,26.5,8.8,0.26,0.565,0.329,0.894,0.305,0.244,0.518,0.368,0.316,0.274
Harper, Bryce,2018,24.3,18.7,0.249,0.496,0.393,0.889,0.247,0.263,0.518,0.376,0.406,0.256
Calhoun, Kole,2020,21.9,12.3,0.226,0.526,0.338,0.864,0.3,0.264,0.519,0.357,0.371,0.255
Yastrzemski, Mike,2019,26,7.8,0.272,0.518,0.333,0.851,0.245,0.259,0.52,0.353,0.323,0.261
Lindor, Francisco,2018,14.4,9.4,0.277,0.519,0.35,0.869,0.242,0.293,0.52,0.368,0.367,0.228
Turner, Trea,2020,13.9,8.5,0.335,0.588,0.394,0.982,0.253,0.307,0.521,0.406,0.372,0.214
Hosmer, Eric,2020,17.9,5.8,0.287,0.517,0.333,0.851,0.231,0.291,0.521,0.353,0.34,0.23
Cabrera, Miguel,2020,22.1,10.4,0.25,0.417,0.329,0.746,0.167,0.291,0.522,0.318,0.368,0.231
Abreu, Jose,2019,21.9,5.2,0.284,0.503,0.33,0.834,0.219,0.282,0.522,0.344,0.335,0.24
Walker, Christian,2019,25.7,11.1,0.259,0.476,0.348,0.825,0.217,0.266,0.522,0.346,0.355,0.256
Suarez, Eugenio,2018,23.4,10.6,0.283,0.526,0.366,0.892,0.243,0.28,0.522,0.377,0.366,0.242
Moncada, Yoan,2019,27.5,7.2,0.315,0.548,0.367,0.915,0.233,0.285,0.523,0.38,0.341,0.238
Martinez, Jose,2018,17.6,8.3,0.305,0.457,0.363,0.82,0.152,0.309,0.523,0.356,0.369,0.214
Machado, Manny,2018,14.7,9.9,0.297,0.538,0.367,0.905,0.241,0.292,0.523,0.377,0.365,0.231
Turner, Justin,2019,16,9.3,0.29,0.509,0.372,0.881,0.219,0.29,0.524,0.37,0.375,0.235
Braun, Ryan,2018,19,7.6,0.254,0.469,0.311,0.78,0.215,0.297,0.525,0.33,0.354,0.228
Castro, Jason,2019,32,12,0.232,0.435,0.331,0.766,0.203,0.25,0.526,0.328,0.349,0.276
Jimenez, Eloy,2019,26.6,6,0.267,0.513,0.315,0.828,0.246,0.27,0.526,0.343,0.319,0.256
Kemp, Matt,2018,22.7,7.1,0.29,0.481,0.338,0.818,0.19,0.275,0.526,0.348,0.327,0.251
Muncy, Max,2019,25.3,15.3,0.251,0.515,0.374,0.889,0.265,0.272,0.527,0.373,0.393,0.255
Judge, Aaron,2018,30.5,15.3,0.278,0.528,0.392,0.919,0.249,0.274,0.527,0.391,0.39,0.253
Winker, Jesse,2020,25.1,15.3,0.255,0.544,0.388,0.932,0.289,0.267,0.528,0.389,0.399,0.261
Longoria, Evan,2020,18.7,5.3,0.254,0.425,0.297,0.722,0.171,0.284,0.53,0.303,0.331,0.246
Hiura, Keston,2019,30.7,7.2,0.303,0.57,0.368,0.938,0.268,0.265,0.53,0.388,0.334,0.266
Morales, Kendrys,2018,20.2,10.6,0.249,0.438,0.331,0.769,0.189,0.274,0.53,0.329,0.357,0.256
Marte, Ketel,2019,13.7,8.4,0.329,0.592,0.389,0.981,0.264,0.305,0.531,0.405,0.368,0.226
Blackmon, Charlie,2019,16.4,6.3,0.314,0.576,0.364,0.94,0.262,0.301,0.532,0.387,0.354,0.232
LeMahieu, DJ,2019,13.7,7,0.327,0.518,0.374,0.892,0.191,0.319,0.533,0.375,0.37,0.214
Devers, Rafael,2019,17,6.8,0.311,0.555,0.36,0.915,0.244,0.302,0.533,0.377,0.355,0.231
Encarnacion, Edwin,2019,21.2,11.9,0.244,0.531,0.344,0.875,0.287,0.25,0.534,0.362,0.353,0.284
Castellanos, Nick,2018,22.3,7.2,0.298,0.5,0.354,0.854,0.202,0.299,0.535,0.363,0.356,0.236
Freese, David,2019,23.7,12.4,0.315,0.599,0.403,1.002,0.284,0.291,0.536,0.415,0.382,0.246
d'Arnaud, Travis,2020,27.2,8.7,0.321,0.533,0.386,0.919,0.212,0.304,0.538,0.386,0.371,0.234
Goldschmidt, Paul,2018,25.1,13,0.29,0.533,0.388,0.921,0.243,0.274,0.538,0.39,0.375,0.264
Acuna Jr., Ronald,2018,25.3,9.2,0.293,0.552,0.366,0.917,0.259,0.274,0.538,0.388,0.349,0.263
Chapman, Matt,2020,35.5,5.3,0.232,0.535,0.276,0.812,0.303,0.245,0.539,0.33,0.29,0.294
Machado, Manny,2020,14.6,10.2,0.304,0.58,0.37,0.95,0.277,0.304,0.539,0.385,0.375,0.235
Donaldson, Josh,2019,23.5,15.2,0.259,0.521,0.379,0.9,0.262,0.269,0.539,0.377,0.388,0.27
Freeman, Freddie,2018,18.7,10.7,0.309,0.505,0.388,0.892,0.196,0.298,0.539,0.378,0.38,0.241
Gallo, Joey,2018,35.9,12.8,0.206,0.498,0.312,0.81,0.292,0.232,0.54,0.343,0.335,0.308
Cronenworth, Jake,2020,15.6,9.4,0.285,0.477,0.354,0.831,0.192,0.324,0.541,0.35,0.39,0.217
Castellanos, Nick,2020,28.5,7.9,0.225,0.486,0.298,0.784,0.261,0.273,0.542,0.324,0.342,0.269
Cruz, Nelson,2020,27.1,11.7,0.303,0.595,0.397,0.992,0.292,0.269,0.543,0.405,0.369,0.273
Reyes, Franmil,2019,28.5,8.6,0.249,0.512,0.31,0.822,0.263,0.265,0.543,0.338,0.329,0.278
Alonso, Pete,2019,26.4,10.4,0.26,0.583,0.358,0.941,0.323,0.258,0.545,0.384,0.358,0.288
Jimenez, Eloy,2020,24.8,5.3,0.296,0.559,0.332,0.891,0.263,0.285,0.546,0.367,0.325,0.261
Muncy, Max,2018,27.2,16.4,0.263,0.582,0.391,0.973,0.319,0.261,0.546,0.407,0.392,0.285
Ohtani, Shohei,2018,27.8,10.1,0.285,0.564,0.36,0.924,0.279,0.276,0.546,0.39,0.354,0.27
Ozuna, Marcell,2019,20.8,11.3,0.241,0.472,0.328,0.8,0.231,0.291,0.548,0.336,0.373,0.257
Pearce, Steve,2018,16.3,11.6,0.284,0.512,0.378,0.89,0.228,0.291,0.549,0.382,0.388,0.257
Cron, C.J.,2019,21.4,5.8,0.253,0.469,0.311,0.78,0.216,0.277,0.55,0.324,0.334,0.273
Harper, Bryce,2019,26.1,14.5,0.26,0.51,0.372,0.882,0.25,0.277,0.551,0.366,0.388,0.274
Sano, Miguel,2019,36.2,12.5,0.247,0.576,0.346,0.923,0.329,0.236,0.551,0.379,0.336,0.316
Castellanos, Nick,2019,21.5,6.2,0.289,0.525,0.337,0.863,0.236,0.285,0.552,0.358,0.335,0.267
Rendon, Anthony,2018,13.7,9.2,0.308,0.535,0.374,0.909,0.227,0.308,0.552,0.383,0.374,0.244
Turner, Justin,2020,14.9,10.3,0.307,0.46,0.4,0.86,0.153,0.299,0.553,0.37,0.394,0.254
Meadows, Austin,2019,22.2,9.1,0.291,0.558,0.364,0.922,0.268,0.286,0.553,0.38,0.359,0.268
Carpenter, Matt,2018,23.3,15.1,0.257,0.523,0.374,0.897,0.266,0.27,0.553,0.375,0.388,0.283
Lowe, Brandon,2020,25.9,11.2,0.269,0.554,0.362,0.916,0.285,0.264,0.555,0.379,0.358,0.291
Correa, Carlos,2019,23.4,10.9,0.279,0.568,0.358,0.926,0.289,0.288,0.558,0.38,0.376,0.27
Schwarber, Kyle,2019,25.6,11.5,0.25,0.531,0.339,0.871,0.282,0.267,0.558,0.357,0.357,0.291
Bruce, Jay,2019,24.6,5.7,0.216,0.523,0.261,0.784,0.306,0.251,0.559,0.319,0.296,0.308
Davis, J.D.,2019,21.4,8.4,0.307,0.527,0.369,0.895,0.22,0.317,0.56,0.374,0.378,0.243
Cruz, Nelson,2018,20.6,9.3,0.256,0.509,0.342,0.85,0.252,0.282,0.561,0.361,0.366,0.279
Sanchez, Gary,2019,28,9,0.232,0.525,0.316,0.841,0.293,0.251,0.562,0.346,0.336,0.312
Bell, Josh,2019,19.2,12.1,0.277,0.569,0.367,0.936,0.292,0.288,0.565,0.379,0.378,0.278
Smith, Dominic,2020,22.6,7,0.316,0.616,0.377,0.993,0.299,0.304,0.568,0.405,0.366,0.264
Springer, George,2020,17.1,10.8,0.265,0.54,0.356,0.896,0.275,0.294,0.57,0.373,0.385,0.276
Davis, Khris,2018,26.8,9,0.247,0.549,0.326,0.874,0.302,0.25,0.571,0.365,0.33,0.322
Judge, Aaron,2019,31.5,14.3,0.272,0.54,0.38,0.92,0.267,0.277,0.575,0.382,0.388,0.298
Yelich, Christian,2018,20.7,10.4,0.326,0.598,0.402,1,0.272,0.323,0.575,0.422,0.402,0.252
Garver, Mitch,2019,24.2,11.4,0.273,0.63,0.365,0.995,0.357,0.258,0.577,0.405,0.352,0.32
Martinez, J.D.,2019,21,11,0.304,0.557,0.382,0.939,0.252,0.306,0.578,0.386,0.388,0.272
Acuna Jr., Ronald,2019,26.3,10.6,0.28,0.518,0.364,0.881,0.238,0.282,0.578,0.369,0.368,0.296
Betts, Mookie,2019,14.3,13.7,0.295,0.524,0.391,0.915,0.229,0.313,0.58,0.38,0.41,0.268
Freeman, Freddie,2019,18.4,12.6,0.295,0.549,0.389,0.938,0.255,0.297,0.581,0.387,0.391,0.284
Springer, George,2019,20.3,12.1,0.292,0.591,0.383,0.974,0.299,0.288,0.582,0.401,0.383,0.294
Soto, Juan,2019,20,16.4,0.282,0.548,0.401,0.949,0.266,0.288,0.584,0.394,0.407,0.296
Abreu, Jose,2020,22.5,6.9,0.317,0.617,0.37,0.987,0.3,0.3,0.585,0.404,0.358,0.285
Myers, Wil,2020,25.7,8.3,0.288,0.606,0.353,0.959,0.318,0.285,0.588,0.393,0.351,0.303
Acuna Jr., Ronald,2020,29.7,18.8,0.25,0.581,0.406,0.987,0.331,0.254,0.59,0.407,0.409,0.336
Olson, Matt,2019,25.2,9.3,0.267,0.545,0.351,0.896,0.277,0.283,0.59,0.368,0.367,0.307
Voit, Luke,2020,23.1,7.3,0.277,0.61,0.338,0.948,0.333,0.284,0.593,0.387,0.345,0.31
Soler, Jorge,2019,26.2,10.8,0.265,0.569,0.352,0.921,0.304,0.278,0.596,0.378,0.366,0.318
Gallo, Joey,2019,38.4,17.5,0.253,0.598,0.387,0.985,0.344,0.226,0.597,0.401,0.37,0.37
Belt, Brandon,2020,20.1,16.8,0.309,0.591,0.425,1.015,0.282,0.285,0.598,0.42,0.405,0.313
Rendon, Anthony,2019,13.3,12.4,0.319,0.598,0.412,1.01,0.279,0.315,0.6,0.413,0.412,0.285
Trout, Mike,2018,20.4,20.1,0.312,0.628,0.459,1.087,0.316,0.295,0.601,0.447,0.447,0.306
Alvarez, Yordan,2019,25.5,14.1,0.313,0.655,0.412,1.067,0.342,0.292,0.606,0.432,0.396,0.314
Tatis Jr., Fernando,2020,23.7,10.5,0.277,0.571,0.366,0.937,0.295,0.298,0.612,0.386,0.387,0.313
Hernandez, Teoscar,2020,30.4,6.8,0.289,0.579,0.338,0.917,0.289,0.295,0.613,0.378,0.345,0.318
Trout, Mike,2020,23.2,14.5,0.281,0.603,0.39,0.993,0.322,0.292,0.613,0.4,0.405,0.321
Betts, Mookie,2018,14.8,13.2,0.346,0.64,0.438,1.078,0.294,0.316,0.618,0.449,0.416,0.302
Perez, Salvador,2020,23.1,1.9,0.333,0.633,0.353,0.986,0.3,0.325,0.624,0.403,0.347,0.299
Kendrick, Howie,2019,13.2,7.3,0.344,0.572,0.395,0.966,0.228,0.336,0.626,0.4,0.393,0.29
Martinez, J.D.,2018,22.5,10.6,0.33,0.629,0.402,1.031,0.299,0.313,0.626,0.428,0.388,0.314
Yelich, Christian,2019,20.3,13.8,0.329,0.671,0.429,1.1,0.342,0.315,0.629,0.442,0.419,0.314
Ozuna, Marcell,2020,22.5,14.2,0.338,0.636,0.431,1.067,0.298,0.315,0.638,0.437,0.412,0.323
Cruz, Nelson,2019,25.1,10.7,0.311,0.639,0.392,1.03,0.328,0.294,0.643,0.418,0.382,0.349
Bellinger, Cody,2019,16.3,14.4,0.305,0.629,0.405,1.034,0.324,0.324,0.647,0.415,0.425,0.322
Seager, Corey,2020,15.9,7.3,0.307,0.585,0.358,0.943,0.278,0.33,0.653,0.387,0.381,0.323
Harper, Bryce,2020,17.6,20.1,0.268,0.542,0.418,0.96,0.274,0.307,0.657,0.393,0.451,0.35
Freeman, Freddie,2020,14.1,17.2,0.341,0.64,0.462,1.102,0.299,0.341,0.66,0.449,0.462,0.32
Trout, Mike,2019,20,18.3,0.291,0.645,0.438,1.083,0.353,0.311,0.676,0.436,0.457,0.365
Voit, Luke,2018,26.7,10.6,0.322,0.671,0.398,1.069,0.35,0.3,0.677,0.447,0.378,0.378
Soto, Juan,2020,14.3,20.9,0.351,0.695,0.49,1.185,0.344,0.332,0.691,0.47,0.476,0.359
